SEQUENCE,FILTER,COUNTY,JURISDICTION,HU_1990,HU_1991,HU_1992,HU_1993,HU_1994,HU_1995,HU_1996,HU_1997,HU_1998,HU_1999,HU_2000,HU_2001,HU_2002,HU_2003,HU_2004,HU_2005,HU_2006,HU_2007,HU_2008,HU_2009,HU_2010,HU_2011,HU_2012,HU_2013,HU_2014,HU_2015,HU_2016,HU_2017,HU_2018,HU_2019,HU_2020,HU_2021,HU_2022,HU_2023
1,1,Adams,Adams County,5263,5295,5334,5384,5460,5537,5591,5674,5685,5728,5773,5827,5880,5947,6068,6096,6083,6131,6178,6203,6242,6262,6295,6334,6359,6405,6479,6610,6634,6660,6735,6846,6922,6975
2,2,Adams,Unincorporated Adams County,2361,2429,2412,2484,2511,2536,2579,2565,2546,2564,2561,2591,2629,2656,2684,2688,2700,2716,2720,2722,2713,2722,2735,2751,2756,2771,2800,2808,2819,2836,2862,2897,2904,2910
3,3,Adams,Incorporated Adams County,2902,2866,2922,2900,2949,3001,3012,3109,3139,3164,3212,3236,3251,3291,3384,3408,3383,3415,3458,3481,3529,3540,3560,3583,3603,3634,3679,3802,3815,3824,3873,3949,4018,4065
4,4,Adams,Hatton,29,32,32,32,32,32,35,35,35,35,35,39,35,36,36,39,39,39,40,40,40,38,37,36,34,33,32,31,29,28,26,26,26,28
5,4,Adams,Lind,243,206,270,225,234,234,252,270,280,298,307,304,300,297,293,290,287,283,280,276,276,273,270,268,264,262,256,254,252,250,248,248,249,248
6,4,Adams,Othello,1637,1637,1633,1660,1697,1748,1740,1804,1822,1827,1864,1880,1903,1943,2039,2061,2032,2067,2118,2146,2185,2205,2235,2264,2297,2336,2393,2524,2544,2558,2616,2688,2754,2800
7,4,Adams,Ritzville,883,883,882,880,879,879,877,875,874,873,873,879,882,884,885,886,887,888,894,894,902,900,896,894,889,885,880,877,876,875,872,876,879,879
8,4,Adams,Washtucna,110,108,105,103,107,108,108,125,128,131,133,134,131,131,131,132,138,138,126,125,126,124,122,121,119,118,118,116,114,113,111,111,110,110
9,1,Asotin,Asotin County,7519,7576,7685,7825,8091,8239,8572,8745,8892,9031,9111,9174,9213,9272,9333,9439,9570,9699,9774,9835,9872,9885,9887,9885,9896,9938,9971,9981,9974,9999,10034,10157,10214,10259
10,2,Asotin,Unincorporated Asotin County,4064,4175,4210,4353,4433,4730,4935,5009,5044,5082,5257,5300,5348,5403,5455,5542,5655,5770,5846,5891,5924,5952,5965,5980,6005,6051,6089,6118,6162,6197,6239,6320,6371,6409
11,3,Asotin,Incorporated Asotin County,3455,3401,3475,3472,3658,3509,3637,3736,3848,3949,3854,3874,3865,3869,3878,3897,3915,3929,3928,3944,3948,3933,3922,3905,3891,3887,3882,3863,3812,3802,3795,3837,3843,3850
12,4,Asotin,Asotin,412,406,410,394,401,424,431,431,437,433,440,444,452,457,463,471,490,498,517,531,537,533,530,528,523,519,517,514,514,512,508,513,514,518
13,4,Asotin,Clarkston,3043,2995,3065,3078,3257,3085,3206,3305,3411,3516,3414,3430,3413,3412,3415,3426,3425,3431,3411,3413,3411,3400,3392,3377,3368,3368,3365,3349,3298,3290,3287,3324,3329,3332
14,1,Benton,Benton County,44877,45555,46305,47375,48925,50796,52395,53513,54258,54876,55963,57052,58364,60017,61667,63403,64754,65743,66898,67749,68618,69611,70744,71804,73138,74382,75268,76352,77566,78652,80076,81386,83014,84114
15,2,Benton,Unincorporated Benton County,9887,10038,10196,10518,10659,11008,11038,11255,11427,11667,11502,11534,11680,11933,12213,12304,12294,12468,11641,11581,11646,11755,11853,11907,12019,12101,12200,12419,12621,12706,12810,12931,13185,13214
16,3,Benton,Incorporated Benton County,34990,35517,36109,36857,38266,39788,41357,42258,42831,43209,44461,45518,46684,48084,49454,51099,52460,53275,55257,56168,56972,57856,58891,59897,61119,62281,63068,63933,64945,65946,67266,68455,69829,70900
17,4,Benton,Benton City,682,774,869,914,1057,1105,1158,1217,1297,1324,1043,1058,1099,1141,1140,1149,1144,1148,1123,1152,1162,1243,1267,1244,1252,1264,1285,1302,1317,1363,1381,1403,1493,1516
18,4,Benton,Kennewick,17207,17488,17813,18106,18693,19272,20198,20657,20909,21107,22068,22573,23039,23763,24227,25088,25953,26285,27658,28106,28507,28747,29034,29465,29931,30265,30584,30940,31291,31729,32242,32668,33132,33473
19,4,Benton,Prosser,1665,1665,1665,1680,1690,1713,1725,1728,1736,1740,1800,1831,1872,1913,1965,2006,2039,2074,2067,2097,2129,2137,2144,2158,2165,2182,2240,2243,2320,2320,2346,2375,2400,2511
20,4,Benton,Richland,13872,14004,14158,14366,14787,15268,15726,16033,16117,16147,16458,16839,17352,17833,18495,19148,19460,19808,20354,20622,20876,21237,21821,22268,22783,23421,23617,24004,24377,24891,25524,25905,26526,26968
21,4,Benton,West Richland,1564,1586,1604,1791,2039,2430,2550,2623,2772,2891,3092,3217,3322,3434,3627,3708,3864,3960,4055,4191,4298,4492,4625,4762,4988,5149,5342,5444,5640,5643,5773,6104,6278,6432
22,1,Chelan,Chelan County,25048,25487,26087,26647,27411,28102,28503,29133,29592,30080,30407,30727,31092,31535,31963,32666,33346,34056,34670,35058,35465,35491,35466,35466,35847,35952,36107,36306,36678,36820,37267,37846,38468,38968
23,2,Chelan,Unincorporated Chelan County,11808,12099,12351,12674,13013,13288,13318,13579,13841,13957,14180,14389,14556,14783,15043,15382,15687,16117,16413,16696,16858,16853,16773,16752,16780,16826,16873,16843,16972,17000,17092,17448,17812,18097
24,3,Chelan,Incorporated Chelan County,13240,13388,13736,13973,14398,14814,15185,15554,15751,16123,16227,16338,16536,16752,16920,17284,17659,17939,18257,18362,18607,18638,18693,18714,19067,19126,19234,19463,19706,19820,20175,20398,20656,20871
25,4,Chelan,Cashmere,1057,1063,1069,1086,1129,1137,1155,1157,1160,1190,1174,1212,1208,1203,1205,1199,1193,1188,1189,1187,1179,1186,1176,1170,1169,1179,1180,1188,1191,1199,1226,1226,1235,1284
26,4,Chelan,Chelan,1666,1693,1739,1772,1795,1819,1834,1893,1943,2019,2060,2070,2091,2127,2145,2185,2226,2267,2352,2386,2517,2507,2493,2472,2460,2471,2472,2479,2522,2556,2570,2634,2689,2737
27,4,Chelan,Entiat,192,193,198,203,238,251,308,309,347,385,400,405,412,417,423,450,479,486,478,481,495,500,499,506,504,508,515,525,530,562,575,582,595,598
28,4,Chelan,Leavenworth,845,851,868,899,984,1003,1027,1089,1095,1104,1107,1110,1125,1143,1167,1183,1189,1208,1240,1241,1241,1232,1222,1215,1205,1200,1194,1197,1194,1195,1210,1329,1449,1485
29,4,Chelan,Wenatchee,9480,9588,9862,10013,10252,10604,10861,11106,11206,11425,11486,11541,11700,11862,11980,12267,12572,12790,12998,13067,13175,13213,13303,13351,13729,13768,13873,14074,14269,14308,14594,14627,14688,14767
30,1,Clallam,Clallam County,25225,26032,26489,27059,27581,28045,28654,29100,29710,30131,30683,31000,31428,31886,32410,32914,33665,34334,34999,35351,35582,35778,35986,36157,36301,36473,36725,36973,37234,37637,37930,38228,38384,38608
31,2,Clallam,Unincorporated Clallam County,14299,14823,15175,15531,15996,16351,16771,17127,17483,17815,18216,18492,18871,19200,19593,20016,20375,20689,20877,21062,21169,21298,21416,21539,21660,21766,21908,22053,22251,22425,22587,22750,22804,22948
32,3,Clallam,Incorporated Clallam County,10926,11209,11314,11528,11585,11694,11883,11973,12227,12316,12467,12508,12557,12686,12817,12898,13290,13645,14122,14289,14413,14480,14570,14618,14641,14707,14817,14920,14983,15212,15343,15478,15580,15660
33,4,Clallam,Forks,1139,1268,1280,1289,1299,1292,1299,1326,1345,1356,1361,1364,1355,1348,1347,1338,1356,1356,1405,1392,1374,1358,1382,1379,1386,1380,1383,1387,1393,1396,1407,1406,1418,1433
34,4,Clallam,Port Angeles,7833,7900,7963,8075,8110,8203,8311,8359,8561,8593,8682,8694,8692,8744,8802,8848,9006,9042,9149,9206,9272,9304,9315,9332,9323,9375,9416,9441,9423,9536,9567,9630,9661,9680
35,4,Clallam,Sequim,1954,2041,2071,2164,2176,2199,2273,2288,2321,2367,2424,2450,2510,2594,2668,2712,2928,3247,3568,3691,3767,3818,3873,3907,3932,3952,4018,4092,4167,4280,4369,4442,4501,4547
36,1,Clark,Clark County,92849,96852,99721,103033,106829,111605,116052,120724,125873,129984,134030,137054,142050,146196,150712,154819,158999,162191,164926,166721,167413,168601,169992,171246,173578,175750,178700,182697,186270,190130,195036,199905,203749,207044
37,2,Clark,Unincorporated Clark County,64870,68271,70779,70213,71973,73119,75906,54611,56738,58891,60820,62248,64562,66722,68725,70868,72951,73672,74784,75302,75498,75973,76426,77029,77692,78625,80202,81779,81169,82964,84568,86033,86849,87934
38,3,Clark,Incorporated Clark County,27979,28581,28942,32820,34856,38486,40146,66113,69135,71093,73210,74806,77488,79474,81987,83951,86048,88519,90142,91419,91915,92628,93566,94217,95886,97125,98498,100918,105101,107166,110468,113872,116900,119110
39,4,Clark,Battle Ground,1376,1415,1450,1495,1623,1796,1938,2443,2871,3055,3209,3464,3857,4311,4809,5119,5375,5465,5706,5857,5952,6042,6086,6174,6412,6516,6650,6970,7135,7309,7449,7625,7885,7945
40,4,Clark,Camas,2682,2723,2805,2886,2981,3225,3598,3911,4259,4528,4736,4952,5251,5533,6026,6122,6382,6574,6796,6925,7072,7198,7375,7466,7561,7734,7951,8425,8694,8856,9234,9586,9730,9833
41,4,Clark,La Center,173,173,178,181,273,368,431,456,505,555,585,619,652,671,723,765,884,903,941,965,981,993,1054,1060,1065,1068,1079,1090,1129,1151,1248,1327,1430,1451
42,4,Clark,Ridgefield,455,462,476,497,528,551,593,646,659,765,777,792,797,815,827,1022,1273,1431,1544,1641,1695,1795,1891,1986,2216,2350,2538,2682,2895,3326,3688,4365,5148,5753
43,4,Clark,Vancouver,21025,21492,21601,25254,26826,29759,30736,55064,57174,58407,60039,61023,62816,63785,64845,65865,66655,68375,69159,69875,70005,70343,70853,71168,72166,72923,73665,75057,78426,79596,81809,83859,85511,86878
44,4,Clark,Washougal,2010,2053,2164,2197,2243,2394,2465,3213,3280,3375,3463,3552,3695,3942,4337,4627,5021,5276,5468,5628,5673,5714,5758,5811,5913,5982,6060,6126,6233,6336,6444,6515,6601,6655
45,4,Clark,Woodland (part),51,53,55,77,87,87,69,63,63,65,57,58,57,55,53,56,59,47,52,53,53,53,53,53,53,53,54,54,54,54,55,54,54,54
46,4,Clark,Yacolt,207,210,213,233,295,306,316,317,324,343,344,346,363,362,367,375,399,448,476,475,484,490,496,499,500,499,501,514,535,538,541,541,541,541
47,1,Columbia,Columbia County,2046,2051,2044,2042,2040,2034,2029,2027,2023,2021,2018,2054,2063,2077,2083,2106,2124,2113,2127,2135,2136,2145,2144,2149,2144,2166,2175,2180,2185,2185,2190,2198,2216,2227
48,2,Columbia,Unincorporated Columbia County,809,814,803,794,787,802,772,773,763,759,751,763,771,788,795,807,817,825,833,843,845,847,846,851,847,860,867,870,875,880,884,891,900,907
49,3,Columbia,Incorporated Columbia County,1237,1237,1241,1248,1253,1232,1257,1254,1260,1262,1267,1291,1292,1289,1288,1299,1307,1288,1294,1292,1291,1298,1298,1298,1297,1306,1308,1310,1310,1305,1306,1307,1316,1320
50,4,Columbia,Dayton,1132,1132,1131,1138,1143,1151,1173,1168,1174,1176,1181,1205,1206,1203,1202,1211,1218,1199,1204,1201,1200,1208,1209,1211,1211,1221,1224,1227,1229,1225,1227,1228,1228,1233
51,4,Columbia,Starbuck,105,105,110,110,110,81,84,86,86,86,86,86,86,86,86,88,89,89,90,91,91,90,89,87,86,85,84,83,81,80,79,79,88,87
52,1,Cowlitz,Cowlitz County,33304,33684,34147,34642,35180,35805,36428,36945,37462,38029,38624,39196,39724,40136,40613,41136,41824,42438,42900,43271,43450,43551,43614,43695,43843,44009,44151,44390,44768,45082,45424,45814,46255,46536
53,2,Cowlitz,Unincorporated Cowlitz County,12764,12940,13040,13264,13540,13786,14071,14441,14429,14846,15217,15502,15770,16062,16359,16701,17054,17448,17619,17868,17943,17980,17947,18011,18116,18206,18330,18494,18707,18935,19195,19519,19880,20019
54,3,Cowlitz,Incorporated Cowlitz County,20540,20744,21107,21378,21640,22019,22357,22504,23033,23183,23407,23694,23954,24074,24254,24435,24770,24990,25281,25403,25507,25571,25667,25684,25727,25803,25821,25896,26061,26147,26229,26295,26375,26517
55,4,Cowlitz,Castle Rock,842,844,839,845,849,854,859,860,859,862,890,884,885,886,886,878,872,868,867,866,863,874,938,941,954,955,969,971,974,983,988,988,987,993
56,4,Cowlitz,Kalama,491,491,500,512,538,554,652,673,706,754,800,821,837,846,848,852,869,903,1070,1076,1070,1082,1085,1088,1103,1121,1134,1165,1217,1252,1272,1301,1323,1328
57,4,Cowlitz,Kelso,4838,4921,5034,4959,4937,5004,5028,5089,5213,5042,5067,5063,5078,5070,5063,5074,5097,5109,5113,5126,5139,5141,5143,5145,5150,5148,5150,5150,5186,5190,5217,5205,5221,5240
58,4,Cowlitz,Longview,13441,13531,13747,14040,14249,14472,14604,14564,14916,15136,15225,15463,15647,15735,15869,15948,16065,16141,16219,16292,16380,16404,16431,16431,16423,16435,16405,16431,16460,16481,16478,16521,16557,16670
59,4,Cowlitz,Woodland (part),928,957,987,1022,1067,1135,1214,1318,1339,1389,1425,1463,1507,1537,1588,1683,1867,1969,2012,2043,2055,2070,2070,2079,2097,2144,2163,2179,2224,2241,2274,2280,2287,2286
60,1,Douglas,Douglas County,10636,11204,11084,11350,11545,11768,12004,12209,12533,12747,12944,13099,13326,13569,13831,14126,14506,14901,15432,15822,16004,16062,16136,16181,16255,16386,16541,16702,16873,17041,17318,17591,17966,18183
61,2,Douglas,Unincorporated Douglas County,7932,7998,7817,7986,8154,7877,8077,8188,8434,8606,8769,8901,8055,8264,8483,8737,7844,8176,8555,8847,8962,9013,9065,9105,9170,9265,9343,9442,9575,9710,9949,10211,10505,10651
62,3,Douglas,Incorporated Douglas County,2704,3206,3267,3364,3391,3891,3927,4021,4099,4141,4175,4198,5271,5305,5348,5389,6662,6725,6877,6975,7042,7049,7071,7076,7085,7121,7198,7260,7298,7331,7369,7380,7461,7532
63,4,Douglas,Bridgeport,611,617,658,712,714,724,698,724,734,748,762,765,761,756,750,750,745,743,735,744,745,737,736,733,734,732,731,724,717,715,709,697,710,715
64,4,Douglas,Coulee Dam (part),93,93,93,89,85,81,77,73,69,65,59,59,93,93,93,94,94,94,94,94,94,94,94,95,95,95,95,95,96,96,96,96,96,96
65,4,Douglas,East Wenatchee,1217,1701,1707,1735,1749,2180,2241,2333,2385,2405,2429,2446,3491,3530,3579,3616,4904,4960,5121,5211,5275,5289,5312,5319,5325,5332,5379,5426,5457,5466,5479,5492,5493,5509
66,4,Douglas,Mansfield,170,170,170,170,170,169,169,168,168,168,168,170,169,168,168,168,168,168,169,168,169,168,170,170,170,169,169,169,167,167,166,167,167,166
67,4,Douglas,Rock Island,188,193,201,208,210,243,248,266,263,281,276,275,274,274,277,280,269,275,276,277,277,278,279,281,282,314,346,366,384,410,439,445,510,561
68,4,Douglas,Waterville,425,432,438,450,463,494,494,457,480,474,481,483,483,484,481,481,482,485,482,481,482,483,480,478,479,479,478,480,477,477,480,483,485,485
69,1,Ferry,Ferry County,3239,3277,3330,3382,3430,3519,3595,3655,3699,3729,3775,3855,3919,3973,4004,4069,4143,4215,4287,4357,4403,4365,4329,4295,4252,4216,4183,4153,4113,4087,4059,4104,4131,4150
70,2,Ferry,Unincorporated Ferry County,2779,2838,2906,2951,2990,3057,3105,3161,3195,3231,3275,3337,3402,3453,3489,3551,3621,3687,3750,3816,3867,3826,3792,3759,3717,3683,3651,3619,3580,3556,3528,3570,3596,3615
71,3,Ferry,Incorporated Ferry County,460,439,424,431,440,462,490,494,504,498,500,518,517,520,515,518,522,528,537,541,536,539,537,536,535,533,532,534,533,531,531,534,535,535
72,4,Ferry,Republic,460,439,424,431,440,462,490,494,504,498,500,518,517,520,515,518,522,528,537,541,536,539,537,536,535,533,532,534,533,531,531,534,535,535
73,1,Franklin,Franklin County,13664,13883,13918,14116,14370,14635,14859,15204,15473,15780,16084,16483,17115,17820,18822,20441,21636,22502,23200,23897,24423,24992,25547,26166,26583,26898,27332,27826,28433,29061,29740,30441,31036,31439
74,2,Franklin,Unincorporated Franklin County,5104,5159,5255,5364,5306,5364,5465,4751,4665,4739,4628,4686,4494,4253,4330,4317,4380,4400,4443,4471,4477,4537,4589,4100,4142,4175,3821,3911,4019,4127,4196,4299,4338,4319
75,3,Franklin,Incorporated Franklin County,8560,8724,8663,8752,9064,9271,9394,10453,10808,11041,11456,11797,12621,13567,14492,16124,17256,18102,18757,19426,19946,20455,20958,22066,22441,22723,23511,23915,24414,24934,25544,26142,26698,27120
76,4,Franklin,Connell,675,707,696,718,815,829,780,858,875,885,891,887,910,915,910,905,898,895,899,914,922,911,918,934,958,969,973,982,992,1009,1021,1031,1038,1047
77,4,Franklin,Kahlotus,90,99,115,95,134,138,136,136,129,118,113,113,113,112,113,114,113,114,111,113,114,110,108,101,97,94,91,78,75,73,70,67,67,67
78,4,Franklin,Mesa,97,97,104,104,104,104,111,111,111,111,111,117,119,120,120,121,122,122,123,126,128,127,128,127,126,124,122,121,120,119,119,120,121,121
79,4,Franklin,Pasco,7698,7821,7748,7835,8011,8200,8367,9348,9693,9927,10341,10680,11479,12420,13349,14984,16123,16971,17624,18273,18782,19307,19804,20904,21260,21536,22325,22734,23227,23733,24334,24924,25472,25885
80,1,Garfield,Garfield County,1209,1212,1219,1217,1240,1247,1259,1264,1267,1273,1288,1282,1276,1266,1257,1253,1248,1241,1237,1234,1233,1229,1225,1222,1214,1216,1209,1203,1199,1198,1194,1199,1206,1209
81,2,Garfield,Unincorporated Garfield County,513,515,513,512,509,515,520,527,526,532,548,542,538,532,525,521,518,512,510,509,510,509,506,504,497,500,494,489,486,484,481,484,489,491
82,3,Garfield,Incorporated Garfield County,696,697,706,705,731,732,739,737,741,741,740,740,738,734,732,732,730,729,727,725,723,720,719,718,717,716,715,714,713,714,713,715,717,718
83,4,Garfield,Pomeroy,696,697,706,705,731,732,739,737,741,741,740,740,738,734,732,732,730,729,727,725,723,720,719,718,717,716,715,714,713,714,713,715,717,718
84,1,Grant,Grant County,22810,23148,23639,24231,24957,25783,26567,27136,27835,28494,29081,29553,29945,30354,30917,31383,32046,32937,33911,34604,35083,35303,35532,35718,35876,36257,36507,36744,37469,38096,38635,39462,39957,40592
85,2,Grant,Unincorporated Grant County,10891,11136,11350,11832,12117,12552,12720,13037,13281,13603,13930,14115,14252,14500,14813,15114,15524,15986,16316,16551,16687,16689,16749,16822,16865,16974,17086,17192,17340,17523,17687,18037,18164,18529
86,3,Grant,Incorporated Grant County,11919,12012,12289,12399,12840,13231,13847,14099,14554,14891,15151,15438,15693,15854,16104,16269,16522,16951,17595,18053,18396,18614,18783,18896,19011,19283,19421,19552,20129,20573,20948,21425,21793,22063
87,4,Grant,Coulee City,311,283,319,283,306,332,327,320,318,328,351,362,360,355,350,342,339,337,335,333,331,331,327,326,325,323,321,319,319,320,323,329,331,331
88,4,Grant,Coulee Dam (part),1,1,1,1,1,1,1,1,1,1,1,1,0,0,0,0,0,0,0,0,0,0,0,0,0,0,0,0,0,0,0,0,0,0
89,4,Grant,Electric City,410,411,411,410,412,414,415,415,415,419,420,443,454,461,466,474,484,496,505,511,524,528,526,520,512,506,500,498,496,491,487,486,488,491
90,4,Grant,Ephrata,2350,2370,2390,2405,2473,2555,2655,2690,2739,2765,2788,2830,2865,2903,2929,2956,2982,3028,3079,3112,3086,3110,3138,3181,3198,3225,3253,3250,3285,3322,3342,3392,3419,3443
91,4,Grant,George,119,122,126,127,149,182,180,180,240,180,162,163,168,158,153,151,151,162,172,170,168,220,221,227,229,232,233,235,237,243,248,250,254,276
92,4,Grant,Grand Coulee,568,568,573,544,549,556,549,551,549,544,530,530,535,536,536,539,540,537,538,539,554,573,572,568,568,564,560,557,554,553,551,550,549,547
93,4,Grant,Hartline,92,92,92,96,84,81,81,81,77,77,77,78,78,80,82,84,84,84,85,85,87,86,85,83,82,82,81,80,79,78,77,78,78,78
94,4,Grant,Krupp,26,26,26,26,28,28,28,28,30,30,30,32,31,31,31,25,29,29,29,28,28,28,28,28,28,29,29,29,29,29,29,29,29,27
95,4,Grant,Mattawa,266,291,343,375,439,459,475,483,483,496,576,632,654,717,769,786,806,819,832,851,843,838,835,832,802,810,817,831,828,823,819,825,879,878
96,4,Grant,Moses Lake,4635,4662,4712,4787,4944,5125,5486,5556,5796,6086,6263,6376,6561,6625,6780,6855,6991,7317,7731,8084,8365,8479,8611,8683,8758,9007,9088,9220,9733,10026,10257,10551,10705,10804
97,4,Grant,Quincy,1362,1373,1398,1402,1426,1456,1491,1512,1537,1547,1552,1597,1608,1616,1649,1658,1729,1752,1903,1982,2020,2043,2075,2087,2157,2168,2204,2207,2240,2356,2431,2493,2548,2630
98,4,Grant,Royal City,327,339,353,390,436,366,389,418,467,447,504,499,492,486,479,498,492,491,487,456,494,490,484,484,481,478,473,466,464,465,520,546,569,569
99,4,Grant,Soap Lake,813,822,882,873,897,930,963,1023,1023,1077,996,979,975,988,982,977,974,976,978,982,977,972,967,964,960,952,952,951,955,954,940,957,983,991
100,4,Grant,Warden,543,548,558,573,591,641,701,735,771,783,790,808,803,787,785,811,808,808,806,804,803,800,798,797,795,791,794,793,795,799,811,826,847,884
101,4,Grant,Wilson Creek,96,104,105,107,105,105,106,106,108,111,111,108,109,111,113,113,113,115,115,116,116,116,116,116,116,116,116,116,115,114,113,113,114,114
102,1,Grays Harbor,Grays Harbor County,29932,30101,30363,30610,30964,31256,31537,31834,31955,32166,32489,32621,32801,32969,33260,33696,34207,34556,34899,35092,35166,35173,35216,35237,35280,35293,35346,35455,35593,35806,36058,36443,36868,37298
103,2,Grays Harbor,Unincorporated Grays Harbor County,11309,11403,11515,11438,11566,11635,11706,11822,11806,11957,12128,12167,12213,12268,12342,12414,12552,12677,12786,12825,12816,12810,12797,12794,12822,12799,12801,12834,12812,12877,12921,13010,13148,13282
104,3,Grays Harbor,Incorporated Grays Harbor County,18623,18698,18848,19172,19398,19621,19831,20012,20149,20209,20361,20454,20588,20701,20918,21282,21655,21879,22113,22267,22350,22363,22419,22443,22458,22494,22545,22621,22781,22929,23137,23433,23720,24016
105,4,Grays Harbor,Aberdeen,7570,7572,7566,7578,7559,7561,7557,7555,7556,7547,7536,7519,7514,7495,7484,7463,7447,7403,7398,7374,7338,7331,7323,7305,7284,7267,7260,7256,7235,7229,7236,7254,7255,7271
106,4,Grays Harbor,Cosmopolis,578,578,578,579,580,639,651,661,662,677,681,679,676,680,684,687,702,712,715,714,714,710,707,706,703,704,706,706,705,709,712,721,724,728
107,4,Grays Harbor,Elma,1210,1200,1208,1212,1194,1222,1303,1303,1317,1307,1330,1321,1323,1316,1331,1370,1331,1335,1324,1318,1307,1304,1300,1301,1304,1307,1308,1306,1360,1362,1381,1388,1392,1402
108,4,Grays Harbor,Hoquiam,3973,3952,3935,3952,3952,3978,3973,4021,4051,4052,4023,4003,4006,3996,3972,3970,3983,3977,3951,3940,3938,3915,3905,3897,3902,3905,3903,3906,3907,3907,3908,3913,3919,3930
109,4,Grays Harbor,McCleary,594,593,593,593,593,593,592,592,592,591,595,601,604,613,622,637,689,715,732,748,759,763,762,767,766,769,770,775,801,810,823,841,841,853
110,4,Grays Harbor,Montesano,1238,1242,1244,1369,1383,1390,1402,1409,1400,1407,1408,1421,1441,1454,1476,1498,1577,1618,1645,1666,1684,1692,1707,1717,1723,1738,1744,1753,1771,1779,1786,1790,1791,1799
111,4,Grays Harbor,Oakville,216,230,229,236,240,244,248,250,254,252,260,262,265,264,265,267,281,285,288,290,291,289,291,290,289,289,290,290,289,289,287,285,290,290
112,4,Grays Harbor,Ocean Shores,2101,2188,2318,2415,2563,2673,2763,2867,2977,3083,3170,3285,3395,3508,3661,3848,4086,4275,4491,4651,4758,4802,4872,4916,4953,4990,5047,5117,5211,5350,5518,5745,5987,6188
113,4,Grays Harbor,Westport,1143,1143,1177,1238,1334,1321,1342,1354,1340,1293,1358,1363,1364,1375,1423,1542,1559,1559,1569,1566,1561,1557,1552,1544,1534,1525,1517,1512,1502,1494,1486,1496,1521,1555
114,1,Island,Island County,25860,26884,27517,28107,28618,29316,29875,30573,31203,31811,32378,33033,33883,34667,35601,36635,37583,38509,39408,39915,40234,41790,41845,41868,40505,40703,40885,41083,41390,41663,41922,42159,42425,42678
115,2,Island,Unincorporated Island County,18628,19354,19750,20128,20592,21165,21596,21974,22345,22797,23250,23772,24400,25034,25644,26324,27081,27849,28456,28819,29070,29069,29085,29049,29086,29195,29317,29420,29664,29856,30106,30304,30503,30747
116,3,Island,Incorporated Island County,7232,7530,7767,7979,8026,8151,8279,8599,8858,9014,9128,9261,9483,9633,9957,10311,10502,10660,10952,11096,11164,12721,12760,12819,11419,11508,11568,11663,11726,11807,11816,11855,11922,11931
117,4,Island,Coupeville,638,680,718,717,730,747,766,778,794,804,814,815,819,834,846,865,883,903,943,945,933,948,960,971,973,977,982,993,993,1014,1016,1020,1029,1032
118,4,Island,Langley,421,426,447,461,474,496,504,530,534,532,542,551,580,588,607,617,624,631,648,667,678,684,688,690,692,705,723,735,739,745,743,745,750,754
119,4,Island,Oak Harbor,6173,6424,6602,6801,6822,6908,7009,7291,7530,7678,7772,7895,8084,8211,8504,8829,8995,9126,9361,9484,9553,11089,11112,11158,9754,9826,9863,9935,9994,10048,10057,10090,10143,10145
120,1,Jefferson,Jefferson County,11014,11409,11836,12210,12568,12907,13150,13421,13628,13916,14144,14501,14873,15195,15550,16058,16497,16909,17306,17554,17767,17913,18016,18110,18245,18380,18537,18669,18826,18972,19087,19244,19430,19481
121,2,Jefferson,Unincorporated Jefferson County,7734,8002,8221,8488,8750,8977,9210,9399,9583,9719,9894,10138,10423,10694,10975,11301,11640,11966,12251,12442,12574,12651,12709,12758,12837,12917,13005,13102,13208,13310,13395,13505,13652,13677
122,3,Jefferson,Incorporated Jefferson County,3280,3407,3615,3722,3818,3930,3940,4022,4045,4197,4250,4363,4450,4501,4575,4757,4857,4943,5055,5112,5193,5262,5307,5352,5408,5463,5532,5567,5618,5662,5692,5739,5778,5804
123,4,Jefferson,Port Townsend,3280,3407,3615,3722,3818,3930,3940,4022,4045,4197,4250,4363,4450,4501,4575,4757,4857,4943,5055,5112,5193,5262,5307,5352,5408,5463,5532,5567,5618,5662,5692,5739,5778,5804
124,1,King,King County,647339,665496,674144,682173,689899,696213,702215,709896,721201,731928,742239,753798,765454,775986,787023,796637,806385,816787,826677,837771,851261,857806,861621,869003,878752,891715,904787,919216,933896,952248,969234,984457,1002062,1020823
125,2,King,Unincorporated King County,192117,198832,200869,187754,185472,181699,155914,156065,146194,139962,129264,130389,130828,131894,134652,136172,138273,138489,127456,126909,125920,111353,98892,96842,94594,94960,91399,91828,92164,92685,92938,93470,93957,94329
126,3,King,Incorporated King County,455222,466664,473275,494419,504427,514514,546301,553831,575007,591966,612975,623409,634626,644092,652371,660465,668112,678298,699221,710862,725341,746453,762729,772161,784158,796755,813388,827388,841732,859563,876296,890987,908105,926494
127,4,King,Algona,620,665,781,803,827,844,878,896,912,916,878,896,906,941,972,984,991,998,1007,1014,1018,1036,1035,1033,1032,1036,1045,1044,1039,1042,1048,1048,1054,1061
128,4,King,Auburn (part),14156,14057,14474,14620,14861,14980,15268,15529,15862,16623,17664,17912,18210,18435,18530,18572,18701,18862,24423,24530,24688,24859,25003,25309,25653,25873,26058,26632,27237,27964,28049,28422,28687,28720
129,4,King,Beaux Arts Village,119,144,139,139,139,139,139,134,134,119,124,124,123,121,120,119,118,120,119,118,118,118,120,117,118,119,117,118,119,118,118,118,118,118
130,4,King,Bellevue,37427,37951,38304,38918,43697,45205,45889,46266,47076,47885,48519,49774,51954,52418,52662,51795,51856,52189,52761,53165,55551,56165,56394,58773,58953,59458,60953,61732,62411,63164,64688,65194,65891,66315
131,4,King,Black Diamond,579,611,618,638,648,697,797,811,1474,1525,1538,1562,1572,1588,1595,1611,1617,1635,1659,1674,1686,1669,1650,1631,1611,1598,1593,1585,1571,1616,1841,2095,2573,2761
132,4,King,Bothell (part),5034,5529,5641,5682,5829,5955,6011,6256,6873,6892,6944,7019,7045,7135,7165,7255,7376,7456,7523,7543,7553,7589,7622,7666,10611,10911,11250,11373,11629,12125,12682,12753,12863,12901
133,4,King,Burien,,,,12727,12730,12758,12780,12810,12803,13780,13898,13936,14010,14047,14067,14083,14107,14247,14308,14476,14322,19855,19955,19929,20003,20179,20229,20273,20681,20728,20785,20990,21021,21065
134,4,King,Carnation,452,460,467,499,523,544,560,601,627,646,650,659,659,661,661,662,662,662,664,665,665,660,662,660,655,656,670,734,776,795,814,812,819,854
135,4,King,Clyde Hill,1077,1077,1077,1077,1076,1076,1076,1076,1076,1102,1076,1083,1086,1076,1075,1084,1084,1087,1081,1089,1099,1099,1098,1097,1099,1099,1091,1080,1090,1099,1098,1092,1093,1099
136,4,King,Covington,,,,,,,,,4418,4455,4473,4505,4711,5061,5382,5716,5905,5876,5948,6018,6081,6104,6147,6252,6355,6358,6360,6940,7009,7070,7149,7191,7398,7513
137,4,King,Des Moines,7438,7532,7893,8310,9070,9109,9743,11445,11443,11739,11777,11958,12027,12101,12174,12247,12311,12353,12414,12524,12588,12594,12597,12615,12722,12709,12804,12771,12736,12939,13222,13379,13390,13485
138,4,King,Duvall,979,1066,1102,1128,1154,1218,1283,1348,1442,1546,1646,1743,1877,2020,2096,2126,2181,2222,2268,2303,2315,2329,2404,2480,2548,2556,2576,2610,2668,2735,2778,2813,2927,3009
139,4,King,Enumclaw (part),3031,3264,3705,3814,3947,4082,4121,4214,4214,4414,4456,4487,4513,4533,4552,4576,4608,4646,4677,4674,4683,4787,4834,4859,4852,4859,4906,4928,5012,5218,5365,5493,5553,5609
140,4,King,Federal Way,28035,29690,30218,30582,30785,30841,31188,31566,32062,32278,32581,32892,32957,33148,33282,34602,34840,35058,35231,35407,35444,35498,35554,35648,35748,35906,36612,37160,37340,37545,37677,37951,37990,38079
141,4,King,Hunts Point,206,226,213,213,226,239,239,253,266,209,186,190,190,188,190,190,188,185,183,180,181,178,179,182,181,183,186,187,188,187,185,185,186,186
142,4,King,Issaquah,3348,3725,3680,3799,3831,4255,4330,4599,4807,4990,5195,6409,6598,7963,8621,9308,10021,12338,13206,13636,13914,14008,14233,14653,14874,15030,15123,16123,16555,16696,17303,17617,17849,18000
143,4,King,Kenmore,,,,,,,,,,7543,7562,7625,7733,7808,7971,8078,8180,8274,8352,8479,8569,8693,8745,8798,8850,8891,9122,9226,9308,9522,9589,9665,9690,9797
144,4,King,Kent,17484,18550,18686,19064,19424,20490,26423,27086,31086,31479,32488,33737,34544,34823,35306,35584,35714,35949,36009,36387,36424,46350,46033,46325,46619,47054,47433,47806,48472,48899,49157,49583,49732,50362
145,4,King,Kirkland,18063,18507,19053,19194,19279,19566,20060,20222,20801,21307,21831,22209,22308,22545,22824,22993,23271,23642,23917,24142,24345,24478,37147,37239,37474,37795,38054,38474,38702,39036,40019,40596,41423,42956
146,4,King,Lake Forest Park,1281,1283,1330,1292,1541,2894,4851,4864,5030,5155,5168,5182,5189,5195,5203,5232,5243,5243,5261,5263,5268,5278,5298,5320,5346,5357,5389,5429,5473,5546,5565,5565,5561,5589
147,4,King,Maple Valley,,,,,,,,,4583,4787,4922,5062,5274,5536,5996,6366,6758,7052,7216,7338,7997,8105,8246,8407,8474,8626,8651,8697,8827,9283,9435,9650,9856,9948
148,4,King,Medina,1172,1171,1170,1167,1166,1165,1162,1162,1163,1164,1165,1156,1166,1164,1169,1169,1165,1165,1166,1171,1162,1152,1148,1140,1138,1140,1138,1137,1138,1125,1131,1122,1132,1140
149,4,King,Mercer Island,8321,8471,8522,8516,8509,8520,8642,8702,8767,8816,8806,8836,8894,8997,9135,9161,9293,9697,9729,9803,9930,9928,9916,9915,10077,10161,10194,10408,10433,10461,10570,10589,10589,10605
150,4,King,Milton (part),273,272,278,286,291,293,295,304,309,324,330,331,335,336,338,347,349,349,352,356,357,357,356,354,466,464,576,580,576,572,687,684,684,688
151,4,King,Newcastle,,,,,,2884,2948,3032,3085,3082,3117,3160,3335,3468,3609,3743,3847,3967,4060,4213,4227,4249,4282,4355,4415,4447,4468,4575,5221,5251,5471,5762,5807,5830
152,4,King,Normandy Park,2628,2630,2641,2643,2644,2645,2667,2669,2670,2670,2670,2676,2682,2689,2781,2786,2791,2796,2792,2817,2838,2835,2829,2824,2823,2830,2825,2822,2817,2810,2807,2812,2818,2844
153,4,King,North Bend,1097,1100,1107,1112,1217,1297,1365,1487,1708,1850,1889,1895,1898,1888,1904,1921,1928,1932,1932,1970,2348,2388,2400,2460,2536,2600,2629,2637,2716,2767,2951,3031,3149,3219
154,4,King,Pacific (part),1815,1829,1934,1958,1980,1994,2010,2018,2020,2024,2025,2028,2045,2126,2159,2195,2219,2263,2325,2369,2377,2377,2381,2433,2449,2452,2452,2456,2463,2460,2466,2473,2481,2478
155,4,King,Redmond,14972,16154,16372,16853,17054,17373,17787,18468,19090,19874,20248,20365,20651,21261,21792,22181,22588,22836,23106,23280,24177,24749,24989,25171,25874,26557,27015,27774,28608,29438,31738,32468,33163,34328
156,4,King,Renton,19243,20028,20072,20219,20403,20755,20845,21102,21355,22170,22676,23325,24493,25245,25851,26507,27009,27655,35596,37554,38930,40025,40445,40868,41313,41390,42131,42571,42809,43066,43362,43504,43733,43921
157,4,King,Sammamish,,,,,,,,,,,11599,11871,12193,12592,13468,14286,14649,14917,15166,15361,15736,16159,16327,16524,16808,17017,21177,21413,21894,22296,22544,22722,22820,22867
158,4,King,SeaTac,10190,10180,10187,10183,10178,10178,10172,10166,10165,10167,10176,10128,10065,10084,10106,10264,10248,10285,10424,10313,10360,10495,10692,10779,10870,10962,11061,11461,11591,11706,11774,11885,11851,11825
159,4,King,Seattle,249032,251863,254960,257263,259649,260616,261718,262878,265490,267315,270524,273651,277905,280969,283045,285677,288899,292439,295920,301899,308516,310180,311722,315809,320761,329426,336238,343058,350646,360933,368308,377035,388133,400666
160,4,King,Shoreline,,,,,,,18947,19748,19858,20731,21338,21402,21488,21581,21738,21829,21802,21972,22127,22620,22787,22895,22905,23026,23187,23201,23193,23305,23492,23887,24043,24509,25241,25604
161,4,King,Skykomish,159,159,162,164,156,147,161,135,139,159,162,163,164,165,165,167,167,168,166,167,168,164,163,161,158,155,155,150,158,156,154,154,155,155
162,4,King,Snoqualmie,637,637,637,637,637,637,638,638,639,646,656,1393,1726,1978,2392,2670,2950,3256,3541,3684,3761,3871,3986,4097,4203,4444,4508,4547,4621,4688,4674,4870,4871,4874
163,4,King,Tukwila,5972,7448,7468,7467,7468,7597,7598,7621,7656,7680,7725,7715,7745,7763,7772,7766,7772,7778,7783,7773,7755,7736,7754,7771,7803,7832,7863,7907,7954,8548,8742,8839,9198,9194
164,4,King,Woodinville,,,,3068,3103,3132,3319,3331,3510,3510,3900,3955,3959,4045,4107,4221,4310,4333,4413,4492,4996,5019,5048,5071,5094,5017,5135,5255,5334,5665,5895,5907,6198,6414
165,4,King,Yarrow Point,382,385,384,384,385,389,391,394,394,394,393,395,396,398,396,392,394,396,396,395,407,422,430,410,405,407,408,410,418,407,412,409,408,415
166,1,Kitsap,Kitsap County,74038,77067,79294,81805,83752,86289,87880,89421,90363,91499,92644,93875,95433,96916,98385,99880,101652,103709,105552,106830,108638,107274,107677,108181,108778,109025,109848,110513,111622,112328,113248,114252,115443,117213
167,2,Kitsap,Unincorporated Kitsap County,52512,49971,51880,53962,55595,57094,58243,59395,59966,60522,61326,62163,63480,64618,65661,66814,68253,69607,70548,71261,72030,70800,70841,70548,70791,70824,71014,71296,71682,71964,72321,72751,73179,73962
168,3,Kitsap,Incorporated Kitsap County,21526,27096,27414,27843,28157,29195,29637,30026,30397,30977,31318,31712,31953,32298,32724,33066,33399,34102,35004,35569,36608,36474,36836,37633,37987,38201,38834,39217,39940,40364,40927,41501,42264,43251
169,4,Kitsap,Bainbridge Island,1596,6869,7057,7241,7367,7635,7769,7891,8019,8339,8517,8773,8948,9147,9391,9562,9783,10182,10379,10497,10584,10589,10593,10623,10673,10676,10738,10811,10933,11040,11251,11315,11385,11437
170,4,Kitsap,Bremerton,15693,15818,15841,15896,16007,16371,16412,16495,16537,16637,16631,16645,16621,16684,16704,16685,16749,16955,17356,17378,17273,16945,17150,17331,17403,17346,17721,17829,18245,18284,18351,18770,19123,19399
171,4,Kitsap,Port Orchard,2090,2100,2169,2328,2361,2580,2727,2865,2918,3072,3178,3220,3271,3304,3364,3442,3473,3512,3603,3616,4636,4786,4900,5394,5554,5729,5833,5911,5968,6080,6209,6285,6526,7070
172,4,Kitsap,Poulsbo,2147,2309,2347,2378,2422,2609,2729,2775,2923,2929,2992,3074,3113,3163,3265,3377,3394,3453,3666,4078,4115,4154,4193,4285,4357,4450,4542,4666,4794,4960,5116,5131,5230,5345
173,1,Kittitas,Kittitas County,13215,13449,13683,13986,14304,14733,15014,15313,15737,16272,16475,16903,17246,17757,18281,18828,19482,20299,20990,21503,21900,21988,22024,22089,22258,22478,22638,22789,22923,23225,23743,24217,24753,24807
174,2,Kittitas,Unincorporated Kittitas County,6130,6288,6492,6651,6787,6930,7087,7198,7192,7285,7444,7726,8050,8397,8734,9152,9621,10222,10761,11158,11430,11460,11417,11418,11513,11577,11697,11784,11903,12090,12242,12365,12748,12811
175,3,Kittitas,Incorporated Kittitas County,7085,7161,7191,7335,7517,7803,7927,8115,8545,8987,9031,9177,9196,9360,9547,9676,9861,10077,10229,10345,10470,10528,10607,10671,10745,10901,10941,11005,11020,11135,11501,11852,12005,11996
176,4,Kittitas,Cle Elum,887,891,894,895,896,903,904,910,918,952,956,962,976,990,1005,1012,1023,1062,1093,1100,1105,1102,1092,1089,1082,1076,1074,1073,1070,1081,1116,1151,1175,1176
177,4,Kittitas,Ellensburg,5014,5078,5089,5205,5371,5569,5704,5872,6295,6695,6732,6832,6830,6956,7121,7233,7401,7557,7670,7765,7867,7914,8015,8093,8176,8340,8394,8464,8477,8587,8924,9236,9358,9342
178,4,Kittitas,Kittitas,368,374,387,407,422,508,493,503,502,509,510,514,513,526,531,535,537,545,553,565,579,598,592,588,594,598,594,594,596,594,591,591,591,592
179,4,Kittitas,Roslyn,606,608,611,618,618,613,616,620,620,621,623,626,628,632,631,636,640,642,643,646,648,644,640,634,628,623,619,615,618,614,611,614,617,621
180,4,Kittitas,South Cle Elum,210,210,210,210,210,210,210,210,210,210,210,243,249,256,259,260,260,271,270,269,271,270,268,267,265,264,260,259,259,259,259,260,264,265
181,1,Klickitat,Klickitat County,7213,7306,7371,7490,7618,7783,7956,8128,8306,8482,8633,8743,8877,9002,9165,9268,9417,9523,9631,9688,9786,9844,9883,9916,9983,10038,10130,10234,10323,10446,10533,10689,10868,11032
182,2,Klickitat,Unincorporated Klickitat County,4650,4732,4789,4894,4982,5103,5263,5400,5497,5621,5668,5775,5888,6024,6151,6277,6410,6546,6655,6717,6799,6851,6879,6908,6955,6955,7042,7114,7186,7264,7317,7466,7617,7758
183,3,Klickitat,Incorporated Klickitat County,2563,2574,2582,2596,2636,2680,2693,2728,2809,2861,2965,2968,2989,2978,3014,2991,3007,2977,2976,2971,2987,2993,3004,3008,3028,3083,3088,3120,3137,3182,3216,3223,3251,3274
184,4,Klickitat,Bingen,329,329,329,328,328,328,328,328,328,328,327,330,328,325,320,320,321,319,317,315,313,316,322,322,326,328,330,331,334,339,337,338,339,340
185,4,Klickitat,Goldendale,1418,1424,1438,1448,1476,1491,1495,1523,1590,1619,1690,1675,1688,1662,1696,1656,1660,1650,1645,1641,1635,1638,1637,1633,1633,1627,1628,1651,1662,1666,1665,1669,1683,1691
186,4,Klickitat,White Salmon,816,821,815,820,832,861,870,877,891,914,948,963,973,991,998,1015,1026,1008,1014,1015,1039,1039,1045,1053,1069,1128,1130,1138,1141,1177,1214,1216,1229,1243
187,1,Lewis,Lewis County,25487,25761,26066,26447,26860,27468,28002,28506,28922,29240,29585,30036,30409,30791,31271,31742,32341,32933,33526,33841,34050,34265,34337,34332,34500,34522,34622,34841,34958,35128,35412,35788,36166,36617
188,2,Lewis,Unincorporated Lewis County,15454,15648,15824,16109,16365,16660,17067,17111,17306,17558,17755,17985,18250,18537,18864,19249,19687,20134,20476,20618,20768,20931,20906,20923,21012,21006,21059,21252,21377,21551,21747,21953,22170,22449
189,3,Lewis,Incorporated Lewis County,10033,10113,10242,10338,10495,10808,10935,11395,11616,11682,11830,12051,12159,12254,12407,12493,12654,12799,13050,13223,13282,13334,13431,13409,13488,13516,13563,13589,13581,13577,13665,13835,13996,14168
190,4,Lewis,Centralia,5234,5288,5382,5424,5509,5628,5738,6174,6330,6387,6510,6657,6731,6817,6955,7020,7073,7142,7201,7239,7265,7327,7414,7408,7470,7522,7527,7530,7540,7553,7594,7680,7734,7772
191,4,Lewis,Chehalis,2694,2703,2719,2725,2742,2799,2828,2847,2854,2857,2871,2866,2878,2890,2888,2904,2932,2947,3114,3122,3131,3124,3142,3134,3140,3135,3173,3182,3178,3139,3139,3138,3137,3136
192,4,Lewis,Morton,513,513,510,509,504,561,491,488,488,487,487,485,490,486,484,486,534,535,535,536,535,530,526,521,519,515,511,506,504,502,506,518,530,537
193,4,Lewis,Mossyrock,209,209,209,209,210,215,217,217,217,217,215,215,226,225,223,222,222,216,217,301,302,303,304,306,310,299,292,316,303,311,323,325,330,334
194,4,Lewis,Napavine,279,285,294,326,344,371,410,433,462,470,483,489,495,497,515,518,540,592,610,645,662,666,661,658,662,662,679,677,680,695,697,702,729,758
195,4,Lewis,Pe Ell,249,247,248,250,253,264,268,270,297,290,289,291,289,289,289,282,289,289,291,290,290,289,288,286,286,284,283,282,283,285,283,282,284,290
196,4,Lewis,Toledo,261,263,268,269,272,283,283,283,282,283,283,302,302,301,302,302,302,301,303,304,304,303,303,303,306,304,302,302,302,302,302,304,308,318
197,4,Lewis,Vader,179,185,182,188,207,207,232,218,221,227,230,235,237,238,237,244,246,247,251,253,258,259,259,259,261,260,260,259,255,253,256,264,269,269
198,4,Lewis,Winlock,415,420,430,438,454,480,468,465,465,464,462,511,511,511,514,515,516,530,528,533,535,533,534,534,534,535,536,535,536,537,565,622,675,754
199,1,Lincoln,Lincoln County,4607,4646,4664,4697,4773,4851,4925,5005,5118,5214,5298,5337,5376,5427,5475,5532,5609,5679,5758,5773,5776,5766,5746,5723,5719,5712,5714,5722,5724,5742,5732,5767,5900,5954
200,2,Lincoln,Unincorporated Lincoln County,2003,2064,2097,2098,2164,2240,2276,2351,2440,2517,2599,2636,2682,2737,2797,2853,2928,2995,3070,3079,3103,3101,3090,3079,3084,3080,3085,3093,3102,3121,3121,3147,3273,3302
201,3,Lincoln,Incorporated Lincoln County,2604,2582,2567,2599,2609,2611,2649,2654,2678,2697,2699,2701,2694,2690,2678,2679,2681,2684,2688,2694,2673,2665,2656,2644,2635,2632,2629,2629,2622,2621,2611,2620,2627,2652
202,4,Lincoln,Almira,164,149,149,149,149,154,154,164,164,164,154,154,155,154,155,157,157,157,157,158,155,155,155,154,155,155,154,154,153,153,151,151,151,151
203,4,Lincoln,Creston,126,126,127,126,127,125,126,129,130,130,131,131,129,131,125,125,127,127,127,130,130,128,128,127,124,123,122,121,121,121,119,122,122,125
204,4,Lincoln,Davenport,710,709,707,719,737,729,748,754,758,762,763,760,760,758,758,756,758,755,754,756,750,748,744,742,741,739,741,743,743,743,744,747,748,762
205,4,Lincoln,Harrington,229,229,214,229,216,210,229,213,215,215,215,214,213,213,214,216,216,217,221,224,219,217,217,216,215,215,214,213,213,213,211,211,211,216
206,4,Lincoln,Odessa,483,479,472,481,483,487,478,480,477,472,472,471,470,468,467,466,463,464,467,466,460,458,455,453,451,450,447,446,444,444,441,441,441,441
207,4,Lincoln,Reardan,218,217,219,216,216,217,216,215,231,233,242,242,243,245,247,249,252,255,256,255,255,257,256,256,256,256,259,258,258,258,259,261,265,267
208,4,Lincoln,Sprague,213,213,216,213,215,221,229,231,232,239,242,248,245,244,239,238,237,239,237,237,236,235,235,234,233,233,232,232,231,231,230,232,233,233
209,4,Lincoln,Wilbur,461,460,463,466,466,468,469,468,471,482,480,481,479,477,473,472,471,470,469,468,468,467,466,462,460,461,460,462,459,458,456,455,456,457
210,1,Mason,Mason County,22292,22662,22975,23351,23751,24134,24465,24765,25049,25282,25515,26021,26577,27216,27946,28755,29770,30807,31669,32167,32518,32568,32551,32515,32549,32553,32593,32808,32912,33045,33269,33581,33749,34159
211,2,Mason,Unincorporated Mason County,19246,19593,19859,20183,20553,20899,21189,21451,21709,21907,22112,22583,23106,23702,24372,25140,26084,27033,27856,28353,28671,28725,28713,28691,28737,28753,28789,28996,29109,29225,29382,29675,29838,30251
212,3,Mason,Incorporated Mason County,3046,3069,3116,3168,3198,3235,3276,3314,3340,3375,3403,3438,3471,3514,3574,3615,3686,3774,3813,3814,3847,3843,3838,3824,3812,3800,3804,3812,3803,3820,3887,3906,3911,3908
213,4,Mason,Shelton,3046,3069,3116,3168,3198,3235,3276,3314,3340,3375,3403,3438,3471,3514,3574,3615,3686,3774,3813,3814,3847,3843,3838,3824,3812,3800,3804,3812,3803,3820,3887,3906,3911,3908
214,1,Okanogan,Okanogan County,16629,16811,17028,17274,17564,17996,18329,18628,18756,18905,19085,19389,19647,19939,20238,20566,20999,21182,21513,21930,22245,22203,22161,22079,22037,21981,21940,21886,21823,21758,21720,21887,22097,22310
215,2,Okanogan,Unincorporated Okanogan County,10340,10490,10659,10887,11125,11368,11603,11784,11874,11972,12008,12284,12575,12877,13182,13497,13880,13997,14279,14639,14916,14871,14845,14756,14664,14622,14557,14499,14440,14368,14315,14426,14565,14721
216,3,Okanogan,Incorporated Okanogan County,6289,6321,6369,6387,6439,6628,6726,6844,6882,6933,7077,7105,7072,7062,7056,7069,7119,7185,7234,7291,7329,7332,7316,7323,7373,7359,7383,7387,7383,7390,7405,7461,7532,7589
217,4,Okanogan,Brewster,621,625,626,627,623,665,678,683,693,695,739,736,746,735,733,731,731,726,724,721,730,727,721,722,723,724,721,718,717,714,715,720,719,719
218,4,Okanogan,Conconully,137,137,140,127,137,137,137,192,157,152,192,199,132,135,138,145,149,154,174,180,189,193,189,189,189,187,187,185,183,182,179,179,179,179
219,4,Okanogan,Coulee Dam (part),443,443,443,442,442,441,441,440,438,439,439,439,441,440,440,440,440,440,440,440,440,439,439,439,440,438,437,436,434,433,433,432,432,432
220,4,Okanogan,Elmer City,134,134,133,133,132,132,131,131,130,129,127,126,124,121,119,116,124,121,117,115,112,112,111,110,112,131,130,127,126,124,122,125,125,125
221,4,Okanogan,Nespelem,80,96,83,83,84,83,84,84,84,84,84,82,82,81,81,79,80,79,79,78,77,77,76,76,75,79,78,78,77,77,76,76,76,77
222,4,Okanogan,Okanogan,978,979,983,979,988,990,996,997,994,991,997,1006,1008,1011,1004,1004,1015,1022,1032,1048,1051,1044,1042,1057,1065,1052,1049,1052,1050,1061,1063,1072,1074,1074
223,4,Okanogan,Omak,1769,1768,1777,1784,1815,1879,1914,1934,1940,2006,2016,2020,2053,2055,2066,2079,2093,2122,2135,2155,2168,2169,2165,2161,2163,2199,2218,2220,2222,2222,2222,2225,2272,2292
224,4,Okanogan,Oroville,697,697,698,706,707,753,766,786,790,785,794,806,800,799,786,776,771,787,782,792,797,801,813,814,815,816,818,818,818,819,820,823,825,826
225,4,Okanogan,Pateros,257,258,258,261,263,263,265,265,267,276,279,278,277,268,267,268,272,271,272,274,276,277,277,278,278,222,240,244,246,246,250,250,250,252
226,4,Okanogan,Riverside,104,105,109,111,112,122,130,142,175,145,153,147,147,145,145,146,147,147,152,153,154,153,153,153,156,154,153,152,152,152,152,151,151,151
227,4,Okanogan,Tonasket,442,452,482,487,485,485,479,477,479,485,510,512,510,511,511,512,511,511,512,511,511,508,504,499,533,535,530,527,524,521,520,520,517,517
228,4,Okanogan,Twisp,421,426,432,436,438,462,484,487,506,505,505,510,508,515,518,523,531,530,528,525,524,523,521,519,515,513,510,514,511,510,511,524,534,552
229,4,Okanogan,Winthrop,206,201,205,211,213,216,221,226,229,241,242,244,244,246,248,250,255,275,287,299,300,309,305,306,309,309,312,316,323,329,342,364,378,393
230,1,Pacific,Pacific County,12404,12514,12662,12831,13016,13228,13414,13553,13730,13862,13991,14117,14212,14293,14447,14637,14931,14997,15181,15389,15547,15582,15617,15641,15688,15709,15751,15819,15876,15929,16034,16133,16278,16429
231,2,Pacific,Unincorporated Pacific County,9030,9127,9231,9337,9457,9607,9616,9734,9864,10054,10159,10193,10269,10354,10495,10642,10903,10949,11096,11257,11357,11407,11459,11492,11551,11589,11647,11727,11788,11848,11930,12011,12130,12245
232,3,Pacific,Incorporated Pacific County,3374,3387,3431,3494,3559,3621,3798,3819,3866,3808,3832,3924,3943,3939,3952,3995,4028,4048,4085,4132,4190,4175,4158,4149,4137,4120,4104,4092,4088,4081,4104,4122,4148,4184
233,4,Pacific,Ilwaco,420,430,514,518,510,516,514,518,514,524,524,523,521,520,517,523,521,534,548,551,567,571,574,578,584,588,591,596,608,611,615,616,623,628
234,4,Pacific,Long Beach,970,976,993,1018,1059,1072,1109,1096,1109,1138,1155,1254,1271,1283,1303,1364,1409,1451,1503,1540,1564,1543,1524,1506,1483,1459,1437,1422,1402,1389,1386,1402,1412,1426
235,4,Pacific,Raymond,1258,1251,1192,1206,1223,1244,1369,1394,1428,1331,1338,1327,1333,1326,1315,1305,1297,1262,1253,1264,1279,1287,1296,1306,1314,1324,1332,1333,1339,1346,1359,1358,1364,1374
236,4,Pacific,South Bend,726,730,732,752,767,789,806,811,815,815,815,820,818,810,817,803,801,801,781,777,780,774,764,759,756,749,744,741,739,735,744,746,749,756
237,1,Pend Oreille,Pend Oreille County,5404,5505,5580,5700,5828,5989,6127,6243,6365,6482,6608,6743,6859,6989,7103,7252,7384,7561,7722,7850,7936,7948,7954,7939,7927,7931,7927,7913,7915,7922,7938,7999,8086,8171
238,2,Pend Oreille,Unincorporated Pend Oreille County,4127,4204,4298,4412,4526,4650,4782,4878,4971,5064,5160,5244,5352,5458,5568,5699,5825,5967,6122,6249,6335,6349,6362,6356,6348,6351,6358,6359,6374,6383,6394,6452,6535,6613
239,3,Pend Oreille,Incorporated Pend Oreille County,1277,1301,1282,1288,1302,1339,1345,1365,1394,1418,1448,1499,1507,1531,1535,1553,1559,1594,1600,1601,1601,1599,1592,1583,1579,1580,1569,1554,1541,1539,1544,1547,1551,1558
240,4,Pend Oreille,Cusick,92,92,96,96,96,92,88,99,88,103,106,106,107,108,108,110,107,113,107,103,101,101,99,97,96,95,93,91,90,89,92,92,93,102
241,4,Pend Oreille,Ione,219,219,195,200,207,214,218,220,214,216,239,236,233,236,235,237,238,237,237,238,237,235,235,233,232,231,230,229,227,227,226,226,226,226
242,4,Pend Oreille,Metaline,92,93,92,91,92,92,92,92,92,92,91,92,94,95,96,100,102,103,107,105,103,103,102,101,100,99,100,94,93,92,91,90,90,90
243,4,Pend Oreille,Metaline Falls,127,127,127,126,126,149,149,149,190,191,192,192,191,191,191,190,190,210,210,209,206,206,205,205,204,204,204,203,203,202,203,204,204,204
244,4,Pend Oreille,Newport,747,770,772,775,781,792,798,805,810,816,820,873,882,901,905,916,922,931,939,946,954,954,951,947,947,951,942,937,928,929,932,935,938,936
245,1,Pierce,Pierce County,228842,233811,239065,244536,250022,255258,257014,261595,266474,272030,277060,281528,287281,292203,297920,303535,310572,317044,321134,323635,325375,327541,329491,332364,335847,339175,342460,346947,350902,354769,359489,364156,368424,372113
246,2,Pierce,Unincorporated Pierce County,125423,129005,132500,136359,140288,144186,103729,106417,108609,112043,115227,117792,120469,123335,126845,130148,133734,136739,139010,139707,140160,141265,142338,143407,145140,146640,148075,150214,152414,154645,156453,159118,161713,163481
247,3,Pierce,Incorporated Pierce County,103419,104806,106565,108177,109734,111072,153285,155178,157865,159987,161833,163736,166812,168868,171075,173387,176838,180305,182124,183928,185215,186276,187153,188957,190707,192535,194385,196733,198488,200124,203036,205038,206711,208632
248,4,Pierce,Auburn (part),,,,,,,,,,,70,247,496,603,1071,1704,2187,2904,3123,3131,3146,3196,3310,3714,3837,3922,3917,3913,3907,3904,3898,3912,3912,3912
249,4,Pierce,Bonney Lake,2570,2684,2759,2871,2961,3037,3117,3178,3254,3328,3404,3550,4442,4665,4965,5222,5602,5846,6102,6282,6394,6446,6522,6601,6768,7143,7248,7327,7455,7497,7605,8131,8178,8260
250,4,Pierce,Buckley,1136,1179,1220,1285,1325,1352,1368,1377,1385,1404,1472,1588,1618,1637,1637,1638,1642,1645,1645,1674,1669,1671,1679,1684,1693,1705,1735,1774,1815,1873,1956,2054,2071,2159
251,4,Pierce,Carbonado,164,165,168,169,182,209,209,209,209,209,210,214,211,213,215,216,218,219,219,218,218,218,218,218,219,219,226,237,238,237,244,246,246,248
252,4,Pierce,DuPont,231,231,229,229,228,232,273,397,635,817,977,1157,1345,1521,1720,2136,2606,2874,3039,3154,3241,3351,3417,3534,3732,3732,3740,3745,3744,3760,3791,3803,3803,3801
253,4,Pierce,Eatonville,573,599,606,630,636,647,673,715,762,779,805,822,850,885,919,994,1020,1019,1024,1049,1059,1067,1073,1075,1087,1101,1112,1119,1122,1125,1127,1143,1151,1151
254,4,Pierce,Edgewood,,,,,,,3447,3472,3508,3509,3562,3616,3665,3692,3723,3735,3751,3774,3793,3799,3801,3826,3854,3887,3938,3985,4020,4345,4654,4802,5125,5589,5769,5782
255,4,Pierce,Enumclaw (part),,0,0,0,0,0,0,0,0,0,,,,,,,,,,,0,0,0,0,0,0,0,0,0,0,0,0,0,0
256,4,Pierce,Fife,2152,2152,2158,2159,2159,2159,2161,2165,2218,2238,2232,2254,2246,2279,2266,2259,2856,3538,3727,3764,3895,3938,3950,3977,4025,4087,4234,4253,4266,4286,4326,4402,4393,4399
257,4,Pierce,Fircrest,2224,2231,2243,2246,2253,2275,2305,2537,2551,2560,2573,2584,2611,2622,2671,2711,2788,2804,2829,2837,2847,2855,2862,2868,2872,2878,2882,2891,2896,2915,2926,2951,2962,2965
258,4,Pierce,Gig Harbor,1527,1565,1694,1719,1762,1855,1918,1931,3035,3019,3085,3087,3098,3119,3131,3177,3173,3174,3250,3430,3560,3637,3716,3927,4131,4441,4661,4874,5283,5481,5642,5733,5916,6132
259,4,Pierce,Lakewood,,0,0,,,,24821,24833,24945,25300,25449,25498,25803,26070,26128,26215,26320,26330,26328,26349,26548,26612,26596,26604,26606,26649,26725,26747,26733,26787,26999,27031,27147,27320
260,4,Pierce,Milton (part),1820,1823,1873,1926,1941,1945,1959,2007,2039,2131,2173,2202,2304,2339,2370,2412,2630,2665,2689,2705,2724,2729,2731,2825,2829,2832,2915,2927,2930,2944,2963,2968,2969,2972
261,4,Pierce,Orting,746,796,792,784,793,877,1037,1168,1232,1318,1382,1409,1450,1557,1617,1754,2029,2219,2287,2319,2361,2378,2399,2447,2513,2584,2627,2732,2836,2907,2999,2997,3016,3034
262,4,Pierce,Pacific (part),,0,0,,,,107,107,107,107,65,64,66,64,65,64,63,58,55,47,45,43,43,44,43,40,31,32,27,21,19,19,19,19
263,4,Pierce,Puyallup,9379,9783,10297,10625,11010,11301,12094,12530,12707,13284,13468,13966,14311,14801,14884,14897,15168,15473,15496,16136,16171,16323,16517,16689,16984,17083,17225,17393,17483,17658,18106,18193,18270,18314
264,4,Pierce,Roy,105,139,114,113,136,115,141,113,114,114,114,147,302,311,312,315,324,325,327,329,326,325,326,324,323,321,321,320,318,317,315,315,314,314
265,4,Pierce,Ruston,317,317,321,322,322,330,340,341,344,344,355,362,368,376,383,390,394,404,412,424,430,434,439,446,454,466,475,483,489,494,517,521,521,521
266,4,Pierce,South Prairie,92,83,146,147,210,224,140,141,138,138,138,158,163,164,165,168,169,170,171,173,174,170,165,161,157,152,148,144,140,154,149,149,261,272
267,4,Pierce,Steilacoom,2371,2423,2472,2512,2564,2596,2604,2635,2654,2662,2674,2691,2695,2706,2728,2740,2751,2762,2778,2790,2793,2801,2805,2816,2827,2835,2850,2873,2882,2900,2919,2928,2950,2963
268,4,Pierce,Sumner,2728,3011,3158,3215,3250,3285,3359,3449,3493,3627,3689,3752,3847,3891,3960,4048,4138,4174,4214,4251,4279,4274,4271,4275,4279,4275,4276,4340,4380,4390,4492,4528,4575,4567
269,4,Pierce,Tacoma,75147,75487,76177,77086,77853,78487,79076,79590,80082,80554,81102,81398,81828,82143,82879,83183,83523,84342,84956,85357,85786,86186,86434,86969,87469,88028,88819,89943,90451,91146,92309,92656,93323,94531
270,4,Pierce,University Place,,,,,,,11990,12133,12303,12395,12684,12812,12933,13052,13108,13246,13321,13419,13490,13543,13573,13621,13649,13695,13744,13879,14019,14142,14260,14347,14427,14588,14764,14815
271,4,Pierce,Wilkeson,137,138,138,139,149,146,146,150,150,150,150,158,160,158,158,163,165,167,170,167,175,175,177,177,177,178,179,179,179,179,182,181,181,181
272,1,San Juan,San Juan County,6075,6619,7080,7599,7931,8256,8422,8612,8790,9229,9752,10189,10588,10891,11242,11630,12020,12350,12710,13044,13313,13355,13375,13414,13466,13480,13526,13556,13614,13698,13772,13859,14070,14254
273,2,San Juan,Unincorporated San Juan County,5256,5776,6193,6672,6971,7276,7433,7596,7757,8194,8700,9106,9482,9802,10119,10465,10811,11136,11478,11789,12040,12064,12083,12096,12141,12138,12166,12189,12218,12279,12318,12384,12576,12735
274,3,San Juan,Incorporated San Juan County,819,843,887,927,960,980,989,1016,1033,1035,1052,1083,1106,1089,1123,1165,1209,1214,1232,1255,1273,1291,1292,1318,1325,1342,1360,1367,1396,1419,1454,1475,1494,1519
275,4,San Juan,Friday Harbor,819,843,887,927,960,980,989,1016,1033,1035,1052,1083,1106,1089,1123,1165,1209,1214,1232,1255,1273,1291,1292,1318,1325,1342,1360,1367,1396,1419,1454,1475,1494,1519
276,1,Skagit,Skagit County,33575,34896,35766,36764,37776,38757,39584,40414,41084,41697,42681,43455,44298,45206,46183,46907,48077,49220,50219,51027,51473,51806,52048,52442,52807,53095,53524,54056,54601,55183,55744,56101,56628,57047
277,2,Skagit,Unincorporated Skagit County,16192,16580,16894,17290,17669,18062,18504,18836,19112,19293,19502,19876,20269,20645,20993,21295,21736,22105,22455,22606,22798,22937,23013,23119,23269,23376,23509,23667,23833,24026,24252,24336,24424,24492
278,3,Skagit,Incorporated Skagit County,17383,18316,18872,19474,20107,20695,21080,21578,21972,22404,23179,23579,24029,24561,25190,25612,26341,27115,27764,28421,28675,28869,29035,29323,29538,29719,30015,30389,30768,31157,31492,31765,32204,32555
279,4,Skagit,Anacortes,4992,5139,5274,5352,5478,5576,5706,5875,6052,6242,6551,6692,6778,6893,6985,7079,7323,7460,7581,7653,7680,7733,7777,7844,7881,7900,8020,8109,8167,8306,8395,8455,8517,8611
280,4,Skagit,Burlington,1816,1993,2009,2007,2223,2330,2346,2359,2391,2441,2531,2595,2674,2687,2839,2848,3021,3145,3178,3343,3419,3432,3428,3425,3420,3428,3463,3467,3572,3596,3645,3727,3965,4010
281,4,Skagit,Concrete,313,313,312,312,317,317,334,334,338,334,335,336,332,337,344,349,362,367,367,364,376,375,375,378,384,364,366,367,367,370,375,377,379,379
282,4,Skagit,Hamilton,107,107,107,108,112,116,117,134,134,135,135,152,150,156,153,157,148,155,146,142,141,141,141,141,141,140,138,135,133,132,131,130,130,129
283,4,Skagit,La Conner,332,344,342,365,361,369,383,385,383,436,434,444,452,463,477,489,473,520,524,517,526,523,525,525,528,530,534,545,551,552,556,560,565,570
284,4,Skagit,Lyman,126,139,139,139,142,157,175,173,173,173,173,172,174,176,178,180,179,177,173,173,172,173,173,172,174,174,175,177,177,174,174,174,174,174
285,4,Skagit,Mount Vernon,7167,7674,8031,8430,8657,8911,9023,9279,9387,9444,9686,9798,9986,10206,10436,10527,10817,11148,11564,11942,12058,12149,12267,12473,12629,12773,12837,13070,13181,13346,13457,13528,13576,13631
286,4,Skagit,Sedro-Woolley,2530,2607,2658,2761,2817,2919,2996,3039,3114,3199,3334,3390,3483,3643,3778,3983,4018,4143,4231,4287,4303,4343,4349,4365,4381,4410,4482,4519,4620,4681,4759,4814,4898,5051
287,1,Skamania,Skamania County,3922,4028,4063,4106,4178,4239,4314,4383,4447,4525,4576,4655,4744,4839,4980,5122,5315,5417,5516,5581,5628,5630,5653,5646,5654,5656,5675,5699,5723,5760,5794,5886,6014,6111
288,2,Skamania,Unincorporated Skamania County,3298,3397,3428,3468,3525,3579,3641,3695,3746,3786,3816,3884,3951,4019,4108,4205,4300,4343,4376,4435,4466,4458,4466,4463,4475,4475,4494,4517,4547,4573,4595,4670,4774,4851
289,3,Skamania,Incorporated Skamania County,624,631,635,638,653,660,673,688,701,739,760,771,793,820,872,917,1015,1074,1140,1146,1162,1172,1187,1183,1179,1181,1181,1182,1176,1187,1199,1216,1240,1260
290,4,Skamania,North Bonneville,167,172,177,179,189,197,196,206,211,223,237,242,254,264,304,329,395,426,455,455,459,457,472,470,466,462,458,456,453,453,452,454,456,457
291,4,Skamania,Stevenson,457,459,458,459,464,463,477,482,490,516,523,529,539,556,568,588,620,648,685,691,703,715,715,713,713,719,723,726,723,734,747,762,784,803
292,1,Snohomish,Snohomish County,183938,192568,195571,199560,204238,208557,212586,216930,223036,229946,236205,241688,246870,251975,256941,262876,269451,275456,280164,283520,286659,288529,290611,293622,297447,300768,304499,308060,312447,317057,321523,326723,331191,336690
293,2,Snohomish,Unincorporated Snohomish County,97576,99597,100183,97444,99425,101448,100531,102336,103079,107177,108986,110095,113362,116317,119357,122548,122927,123801,126391,128130,118025,119164,120542,122444,125238,127290,129268,131371,133488,135514,136975,138681,139050,140003
294,3,Snohomish,Incorporated Snohomish County,86362,92971,95388,102116,104813,107109,112055,114594,119957,122769,127219,131593,133508,135658,137584,140328,146524,151655,153773,155390,168634,169365,170069,171178,172209,173478,175231,176689,178959,181543,184548,188042,192141,196687
295,4,Snohomish,Arlington,1600,1740,1820,1912,2025,2225,2344,2528,2780,3104,4588,4998,5233,5539,5726,5853,6066,6619,6791,6844,6929,6919,6917,7017,7030,7017,7023,7030,7225,7408,7751,8208,8468,8702
296,4,Snohomish,Bothell (part),112,113,113,4141,4329,4358,4382,4413,4661,4944,5321,5629,5833,5853,5919,5999,6131,6312,6459,6598,6702,6790,6837,6931,6948,6976,7014,7044,7148,7293,7456,7544,7722,7923
297,4,Snohomish,Brier,1822,1842,1861,1910,1961,1976,2005,2033,2083,2100,2115,2140,2151,2161,2175,2188,2198,2204,2207,2216,2220,2225,2248,2304,2313,2339,2357,2359,2357,2380,2413,2418,2427,2435
298,4,Snohomish,Darrington,450,454,459,462,465,471,477,485,496,496,505,568,588,598,607,617,633,637,641,645,644,644,643,644,643,643,642,642,641,646,648,652,663,666
299,4,Snohomish,Edmonds,12942,12976,12922,13046,13079,13228,15582,15608,17407,17476,17519,17518,17489,17600,17702,17850,18128,18192,18289,18377,18378,18417,18457,18570,18607,18656,18714,18816,18904,19124,19305,19332,19374,19599
300,4,Snohomish,Everett,30799,33309,33971,34509,35039,35307,36204,36704,37192,37796,38512,40392,40904,41191,41532,41938,43293,43567,43880,44367,44609,44656,44764,45088,45282,45392,46138,46308,46454,46880,47193,48219,48649,49053
301,4,Snohomish,Gold Bar,431,459,456,491,491,522,535,577,614,661,769,778,788,797,801,808,819,839,853,825,837,833,835,844,847,862,865,865,885,877,892,899,849,853
302,4,Snohomish,Granite Falls,445,477,519,568,584,593,662,730,797,808,873,950,1042,1112,1163,1189,1204,1255,1300,1334,1344,1338,1331,1322,1316,1308,1298,1294,1330,1415,1594,1612,1694,1713
303,4,Snohomish,Index,102,102,102,102,102,102,100,102,100,100,100,102,103,103,104,105,107,109,108,109,116,110,109,107,105,109,107,105,103,102,100,100,100,100
304,4,Snohomish,Lake Stevens,1231,1324,1475,1575,1671,1710,1775,1819,1957,2060,2234,2340,2381,2435,2503,2527,3579,5080,5575,5714,10414,10475,10593,10728,10805,10935,11238,11531,11686,11875,12367,12928,14417,14516
305,4,Snohomish,Lynnwood,11850,12000,12042,12248,12677,12804,12980,13609,13675,13743,13808,13883,13896,14164,14307,14401,14542,14640,14693,14727,14939,14905,14877,14840,14828,14800,14777,14745,15330,15937,16212,16228,16246,17403
306,4,Snohomish,Marysville,4565,4877,5767,6467,6964,7527,8065,8330,8778,9197,9730,10407,10743,11032,11255,11490,12746,14411,14779,14929,22363,22664,22898,23110,23326,23689,23924,24413,24894,25207,25723,25940,26439,26923
307,4,Snohomish,Mill Creek,3136,3374,3610,3739,3786,3947,4027,4158,4550,4682,4769,4925,4972,5052,5337,6289,7404,7481,7538,7781,7923,8012,8047,8114,8217,8585,8688,8736,8965,9048,9068,9068,9450,9449
308,4,Snohomish,Monroe,1712,2008,2084,2173,2369,2597,2757,2991,3711,4014,4427,4545,4645,4743,4884,5046,5137,5206,5270,5292,5306,5340,5387,5400,5449,5476,5578,5697,5838,5979,6228,6500,6634,6997
309,4,Snohomish,Mountlake Terrace,7854,8014,8041,8056,8067,8108,8111,8144,8178,8204,8217,8229,8267,8264,8302,8310,8339,8523,8582,8602,8602,8646,8691,8700,8897,9010,9012,9129,9150,9177,9202,9672,9673,10798
310,4,Snohomish,Mukilteo,2810,5272,5389,5748,5904,6086,6293,6439,6843,7012,7146,7329,7457,7806,7900,7993,8134,8325,8391,8472,8547,8575,8591,8605,8643,8667,8683,8699,8704,8701,8711,8719,8739,8739
311,4,Snohomish,Snohomish,2556,2602,2646,2772,2929,3042,3188,3224,3361,3388,3444,3487,3502,3557,3566,3669,3762,3784,3787,3843,3959,4019,4028,4036,4062,4113,4210,4252,4296,4324,4347,4458,4461,4521
312,4,Snohomish,Stanwood,765,819,859,899,1014,1149,1186,1246,1270,1452,1508,1557,1620,1696,1804,2002,2142,2281,2434,2509,2584,2592,2620,2639,2721,2736,2755,2810,2838,2924,2979,3107,3318,3367
313,4,Snohomish,Sultan,859,885,928,970,1026,1022,1045,1113,1163,1191,1291,1469,1526,1563,1589,1620,1712,1738,1741,1744,1752,1739,1729,1715,1704,1696,1739,1744,1742,1773,1883,1960,2337,2445
314,4,Snohomish,Woodway,321,324,324,328,331,335,337,341,341,341,343,347,368,392,408,434,448,452,455,462,466,466,467,464,466,469,469,470,469,473,476,478,481,485
315,1,Spokane,Spokane County,150080,152069,154366,156933,159998,163187,165912,168755,170887,173085,175005,176823,179223,181405,183744,186809,190790,194236,197064,199632,201434,202546,204017,205701,207665,209684,211809,214847,218387,221382,224019,226813,230005,231908
316,2,Spokane,Unincorporated Spokane County,63263,64310,65776,67535,69645,71082,72866,74680,75785,77359,78875,80489,80605,46671,47294,48556,49359,50616,52174,53418,54157,54609,54237,54692,55499,56144,57110,58059,59113,60122,61193,61938,63122,63405
317,3,Spokane,Incorporated Spokane County,86817,87759,88590,89398,90353,92105,93046,94075,95102,95726,96130,96334,98618,134734,136450,138253,141431,143620,144890,146214,147277,147937,149780,151009,152166,153540,154699,156788,159274,161260,162826,164875,166883,168503
318,4,Spokane,Airway Heights,896,905,947,946,956,975,1049,1053,1101,1095,1095,1117,1137,1154,1168,1228,1332,1463,1576,1668,1727,1771,2655,2696,2659,2857,2855,2867,3227,3460,3626,3778,3870,3993
319,4,Spokane,Cheney,2733,2769,2865,2857,2984,3046,3149,3145,3226,3229,3293,3340,3381,3426,3670,3839,3898,3921,3943,4120,4183,4328,4356,4468,4528,4561,4591,4856,5104,5226,5354,5472,5504,5542
320,4,Spokane,Deer Park,949,955,987,1009,1046,1115,1142,1166,1186,1201,1210,1225,1239,1242,1249,1286,1325,1409,1458,1508,1532,1550,1567,1601,1638,1673,1704,1733,1785,1854,1901,1965,2031,2161
321,4,Spokane,Fairfield,204,204,229,198,197,195,195,194,194,194,194,241,243,243,242,243,243,247,246,250,240,240,238,237,236,235,232,230,228,225,228,235,235,236
322,4,Spokane,Latah,82,83,82,83,84,87,87,87,89,89,89,90,88,88,88,88,87,89,89,89,91,91,91,90,90,90,90,90,88,88,88,88,88,88
323,4,Spokane,Liberty Lake,,,,,,,,,,,,,1741,1862,1990,2085,2400,2787,2937,3127,3344,3401,3462,3552,3807,3900,4020,4182,4441,4719,4916,5133,5280,5449
324,4,Spokane,Medical Lake,1055,1101,1089,1098,1116,1134,1141,1167,1175,1180,1197,1238,1281,1337,1390,1467,1568,1653,1706,1743,1835,1835,1838,1841,1842,1837,1830,1825,1822,1818,1826,1824,1823,1849
325,4,Spokane,Millwood,719,779,778,782,785,784,788,785,786,779,779,779,782,782,782,783,784,793,794,792,793,794,796,796,797,798,801,798,799,801,821,841,842,845
326,4,Spokane,Rockford,179,179,178,179,175,171,170,170,170,169,169,200,205,204,207,206,205,209,211,212,213,210,208,205,203,200,197,195,193,192,195,194,204,213
327,4,Spokane,Spangle,103,104,104,107,107,108,108,108,108,109,113,124,125,126,125,126,125,126,127,126,126,126,126,126,127,127,123,124,124,126,127,127,127,127
328,4,Spokane,Spokane,79851,80632,81283,82092,82855,84440,85167,86149,87018,87631,87941,87930,88345,88890,89483,90481,92275,92968,93611,94080,94291,94386,94911,95377,95792,96127,96631,97767,98699,99389,99938,100535,101222,102102
329,4,Spokane,Spokane Valley,,,,,,,,,,,,,,35329,36003,36368,37136,37903,38140,38447,38851,39152,39479,39965,40393,41080,41570,42067,42709,43306,43751,44628,45602,45843
330,4,Spokane,Waverly,46,48,48,47,48,50,50,51,49,50,50,50,51,51,53,53,53,52,52,52,51,53,53,55,54,55,55,54,55,56,55,55,55,55
331,1,Stevens,Stevens County,14601,14801,15024,15333,15679,16147,16476,16766,17029,17299,17599,17909,18203,18556,18926,19290,19756,20143,20604,20924,21156,21246,21310,21359,21502,21585,21630,21725,21883,22101,22242,22425,22539,22754
332,2,Stevens,Unincorporated Stevens County,10929,11101,11297,11510,11750,12126,12374,12677,12903,13128,13334,13619,13922,14239,14578,14916,15333,15691,16072,16364,16557,16645,16709,16767,16896,16960,17012,17110,17269,17441,17624,17791,17874,18051
333,3,Stevens,Incorporated Stevens County,3672,3700,3727,3823,3929,4021,4102,4089,4126,4171,4265,4290,4281,4317,4348,4374,4423,4452,4532,4560,4599,4601,4601,4592,4606,4625,4618,4615,4614,4660,4618,4634,4665,4703
334,4,Stevens,Chewelah,911,914,920,989,1020,1032,1059,983,989,998,1004,1024,1050,1083,1115,1134,1161,1194,1243,1261,1284,1276,1269,1260,1250,1250,1244,1238,1230,1264,1220,1228,1252,1280
335,4,Stevens,Colville,1905,1914,1931,1938,1950,2019,2064,2082,2112,2149,2219,2218,2196,2197,2196,2197,2209,2205,2210,2211,2221,2231,2236,2236,2253,2264,2262,2262,2268,2276,2278,2277,2277,2288
336,4,Stevens,Kettle Falls,529,545,550,568,619,631,643,673,677,681,686,700,688,688,689,695,706,707,721,725,726,729,732,731,736,745,746,752,759,766,770,777,775,774
337,4,Stevens,Marcus,59,61,64,66,66,66,67,68,66,66,68,71,71,73,72,72,72,74,76,78,82,82,82,83,84,84,85,85,85,87,87,87,87,87
338,4,Stevens,Northport,162,162,160,160,168,164,162,173,171,169,179,168,167,166,166,166,166,161,169,168,168,167,166,164,163,162,161,160,158,157,156,156,156,156
339,4,Stevens,Springdale,106,104,102,102,106,109,107,110,111,108,109,109,109,110,110,110,109,111,113,117,118,116,116,118,120,120,120,118,114,110,107,109,118,118
340,1,Thurston,Thurston County,66464,69217,71279,73293,75323,77379,79139,80922,82695,84786,86652,87864,89725,91596,93727,96514,99138,102212,105325,106936,108182,109201,110327,111749,113188,114291,115657,116955,118560,119781,121438,123440,124606,126070
341,2,Thurston,Unincorporated Thurston County,36434,37607,38643,39705,40464,41153,41804,42566,43329,44160,45076,45936,47196,48610,50162,51984,53288,54294,55017,54769,55316,55684,56001,56249,56630,56705,55619,56113,56623,57118,57584,57984,57345,57433
342,3,Thurston,Incorporated Thurston County,30030,31610,32636,33588,34859,36226,37335,38356,39366,40626,41576,41928,42529,42986,43565,44530,45850,47918,50308,52167,52866,53517,54326,55500,56558,57586,60038,60842,61937,62663,63854,65456,67261,68637
343,4,Thurston,Bucoda,211,208,210,215,221,218,222,229,231,234,236,237,240,241,239,239,239,239,241,246,243,243,242,242,241,242,244,243,242,241,241,239,244,249
344,4,Thurston,Lacey,8081,8770,9062,9618,10370,10891,11377,11925,12281,12871,13160,13336,13555,13689,13904,14422,15094,16285,17732,18142,18493,18721,18951,19214,19399,19654,20027,20434,21051,21488,22039,22861,24253,24963
345,4,Thurston,Olympia,15884,16497,16812,17084,17302,17626,18060,18388,18838,19272,19738,19804,20009,20161,20362,20552,20853,21323,21731,21900,22086,22286,22708,23266,23781,24333,24863,25109,25162,25236,25642,25959,26204,26466
346,4,Thurston,Rainier,357,396,426,466,494,496,512,531,544,548,551,550,553,572,581,594,646,670,688,697,717,725,731,738,741,746,747,759,797,824,850,887,928,940
347,4,Thurston,Tenino,524,527,529,534,542,577,586,601,608,612,615,628,641,665,658,679,701,711,719,735,740,743,744,746,747,754,770,771,773,779,780,841,846,854
348,4,Thurston,Tumwater,4463,4690,5033,5096,5157,5528,5604,5659,5740,5848,5953,5993,6043,6049,6112,6186,6346,6557,6899,8026,8064,8201,8323,8509,8658,8791,10182,10253,10542,10706,10847,11208,11310,11661
349,4,Thurston,Yelm,510,522,564,575,773,890,974,1023,1124,1241,1323,1380,1488,1609,1709,1858,1971,2133,2298,2421,2523,2598,2627,2785,2991,3066,3205,3273,3370,3389,3455,3461,3476,3504
350,1,Wahkiakum,Wahkiakum County,1496,1511,1522,1557,1592,1628,1667,1693,1717,1755,1792,1813,1826,1850,1876,1901,1940,1992,2039,2059,2067,2077,2085,2089,2102,2110,2125,2141,2163,2175,2189,2218,2240,2280
351,2,Wahkiakum,Unincorporated Wahkiakum County,1268,1283,1294,1327,1361,1394,1431,1457,1482,1489,1514,1535,1550,1573,1599,1623,1659,1708,1745,1764,1771,1780,1788,1791,1802,1810,1824,1838,1859,1870,1881,1910,1931,1962
352,3,Wahkiakum,Incorporated Wahkiakum County,228,228,228,230,231,234,236,236,235,266,278,278,276,277,277,278,281,284,294,295,296,297,297,298,300,300,301,303,304,305,308,308,309,318
353,4,Wahkiakum,Cathlamet,228,228,228,230,231,234,236,236,235,266,278,278,276,277,277,278,281,284,294,295,296,297,297,298,300,300,301,303,304,305,308,308,309,318
354,1,Walla Walla,Walla Walla County,19029,19117,19276,19482,19726,19950,20173,20466,20786,20935,21147,21247,21403,21622,21947,22476,22723,22940,23164,23338,23451,23510,23805,23928,24133,24268,24400,24539,24664,24831,24971,25079,25379,25712
355,2,Walla Walla,Unincorporated Walla Walla County,5374,5427,5384,5507,5580,5669,5765,5811,5861,5893,5939,5990,6044,6131,5972,6111,6245,6382,6361,6454,6495,6536,6575,6653,6783,6565,6550,6446,6478,6509,6542,6562,6599,6671
356,3,Walla Walla,Incorporated Walla Walla County,13655,13690,13892,13975,14146,14281,14408,14655,14925,15042,15208,15257,15359,15491,15975,16365,16478,16558,16803,16884,16956,16974,17230,17275,17350,17703,17850,18093,18186,18322,18429,18517,18780,19041
357,4,Walla Walla,College Place,2432,2465,2495,2546,2652,2713,2788,2867,2958,3049,3134,3194,3233,3308,3460,3529,3598,3635,3675,3710,3764,3778,3803,3824,3853,3896,3965,4020,4074,4119,4176,4202,4244,4279
358,4,Walla Walla,Prescott,123,123,123,123,131,131,143,151,151,151,152,151,151,151,150,150,150,149,152,151,156,157,156,155,154,153,153,153,152,152,152,152,152,153
359,4,Walla Walla,Waitsburg,448,452,454,450,454,471,483,506,507,512,522,515,516,512,517,518,518,519,520,521,522,521,521,522,523,530,528,527,527,526,530,530,535,547
360,4,Walla Walla,Walla Walla,10652,10650,10820,10856,10909,10966,10994,11131,11309,11330,11400,11397,11459,11520,11848,12168,12212,12255,12456,12502,12514,12518,12750,12774,12820,13124,13204,13393,13433,13525,13571,13633,13849,14062
361,1,Whatcom,Whatcom County,55742,57993,60353,61970,64183,65990,67933,69318,71000,72461,73897,75740,77314,79062,81129,83097,85549,87997,89201,90076,90665,91212,91632,92289,93053,93928,94944,96089,97468,98762,100064,101243,102631,104657
362,2,Whatcom,Unincorporated Whatcom County,27189,28428,29815,30241,31257,31936,32365,32770,33084,33682,34390,34950,35579,36240,37171,38117,39195,40012,40505,40738,40456,40636,40719,40802,40969,41230,41341,41555,41831,42069,42163,42196,42381,42971
363,3,Whatcom,Incorporated Whatcom County,28553,29565,30538,31729,32926,34054,35568,36548,37916,38779,39507,40790,41735,42822,43958,44980,46354,47985,48696,49338,50209,50576,50913,51487,52084,52698,53603,54534,55637,56693,57901,59047,60250,61686
364,4,Whatcom,Bellingham,22114,22637,23252,24117,24988,25693,26901,27474,28271,28823,29474,30508,31216,31985,32853,33412,34180,35385,35815,36046,36760,36934,37001,37295,37512,37920,38536,39215,39912,40506,41267,41909,42712,43736
365,4,Whatcom,Blaine,1144,1283,1330,1404,1429,1525,1563,1710,1727,1727,1737,1793,1878,1933,1981,2035,2172,2266,2273,2320,2346,2368,2399,2415,2464,2485,2505,2540,2620,2676,2744,2816,2866,2958
366,4,Whatcom,Everson,567,607,637,651,679,700,701,707,717,722,727,733,735,746,752,766,788,800,806,857,865,873,883,891,898,904,911,921,947,969,996,1018,1070,1089
367,4,Whatcom,Ferndale,2057,2286,2434,2541,2605,2711,2772,2903,3179,3309,3292,3364,3404,3484,3570,3740,4011,4121,4259,4389,4428,4487,4594,4721,4906,4978,5080,5162,5226,5440,5553,5792,5966,6065
368,4,Whatcom,Lynden,2167,2224,2351,2470,2603,2784,2974,3095,3353,3521,3592,3699,3797,3963,4085,4252,4370,4530,4637,4764,4812,4898,5012,5135,5265,5364,5512,5620,5841,5978,6156,6265,6360,6553
369,4,Whatcom,Nooksack,182,196,210,218,256,270,278,284,285,288,300,304,306,309,313,334,348,375,382,426,457,460,462,470,473,478,478,478,476,500,510,531,547,547
370,4,Whatcom,Sumas,322,332,324,328,366,371,379,375,384,389,385,389,399,402,404,441,485,508,524,536,541,556,562,560,566,569,581,598,615,624,675,716,729,738
371,1,Whitman,Whitman County,14598,14611,14818,14994,15179,15473,15654,16035,16369,16600,16676,16751,17031,17191,17508,17737,18149,18626,18982,19130,19323,19353,19414,19493,19870,20195,20309,20540,20586,20775,20922,21629,21739,21837
372,2,Whitman,Unincorporated Whitman County,2916,2984,2932,2909,2915,2940,2913,2888,2890,2876,2861,2849,2844,2850,2850,2855,2848,2850,2847,2851,2848,2840,2823,2814,2806,2799,2792,2777,2770,2764,2754,2735,2754,2762
373,3,Whitman,Incorporated Whitman County,11682,11627,11886,12085,12264,12533,12741,13147,13479,13724,13815,13902,14187,14341,14658,14882,15301,15776,16135,16279,16475,16513,16591,16679,17064,17396,17517,17763,17816,18011,18168,18894,18985,19075
374,4,Whitman,Albion,286,291,294,295,297,305,307,314,314,315,315,318,314,312,310,308,307,306,304,303,302,286,283,287,289,286,281,280,282,283,283,280,281,280
375,4,Whitman,Colfax,1283,1255,1300,1316,1325,1328,1339,1345,1347,1354,1357,1366,1369,1376,1388,1392,1392,1401,1405,1405,1405,1405,1406,1406,1402,1411,1415,1414,1420,1426,1434,1434,1438,1438
376,4,Whitman,Colton,129,129,131,136,141,145,146,147,149,151,152,152,152,153,152,155,164,160,165,167,167,171,168,169,168,168,170,173,175,176,175,174,177,180
377,4,Whitman,Endicott,164,167,166,168,168,169,169,171,170,173,169,169,169,169,169,168,167,166,166,166,165,173,173,173,172,173,171,169,168,166,164,164,164,164
378,4,Whitman,Farmington,71,57,57,53,53,53,53,66,60,64,64,63,63,63,63,63,62,62,65,65,65,65,65,65,66,66,69,69,69,69,69,70,72,72
379,4,Whitman,Garfield,263,264,272,265,275,283,289,293,292,291,288,290,290,288,307,307,309,306,306,309,311,308,306,303,301,298,296,294,290,287,278,279,279,280
380,4,Whitman,LaCrosse,179,181,177,184,178,182,186,186,188,188,187,185,182,189,188,184,183,184,182,182,181,181,181,180,180,179,178,175,172,171,169,170,169,167
381,4,Whitman,Lamont,36,32,33,32,33,36,35,37,38,38,38,38,39,40,40,40,39,39,39,39,40,40,40,40,40,40,38,38,38,40,40,40,40,42
382,4,Whitman,Malden,107,106,107,107,107,108,108,108,108,108,108,109,110,111,112,113,115,116,117,117,118,116,115,113,112,109,107,106,104,103,101,62,75,79
383,4,Whitman,Oakesdale,195,195,195,195,194,194,205,194,194,194,194,194,195,195,193,196,196,196,196,196,196,195,194,193,192,192,190,189,188,187,187,189,190,190
384,4,Whitman,Palouse,428,427,433,437,454,461,461,461,459,467,471,472,471,471,472,473,479,480,484,476,474,479,483,484,487,487,492,496,501,508,513,516,522,531
385,4,Whitman,Pullman,7546,7542,7740,7881,8011,8259,8426,8790,9117,9327,9398,9469,9753,9896,10171,10393,10798,11267,11614,11768,11966,12004,12086,12177,12555,12883,13007,13259,13306,13489,13645,14405,14470,14542
386,4,Whitman,Rosalia,260,257,259,263,261,264,266,267,272,278,272,280,279,277,275,274,273,272,272,271,270,272,271,271,270,271,271,270,270,270,270,271,267,266
387,4,Whitman,St. John,248,241,241,247,250,256,259,265,270,277,279,278,283,285,302,301,302,304,303,304,306,306,305,305,308,308,307,307,307,307,310,310,311,312
388,4,Whitman,Tekoa,355,355,355,372,372,347,345,347,347,343,363,362,361,361,360,359,359,361,361,361,360,360,363,356,359,364,364,361,364,364,366,366,366,363
389,4,Whitman,Uniontown,132,128,126,134,145,143,147,156,154,156,160,157,157,155,156,156,156,156,156,150,149,152,152,157,163,161,161,163,162,165,164,164,164,169
390,1,Yakima,Yakima County,70852,71459,72355,73179,74193,75263,76074,76750,77498,78486,79174,79947,80637,81341,81849,82309,83054,83858,84629,85071,85474,85862,86232,86717,87174,87682,88397,88876,89327,89676,90504,91290,92204,92931
391,2,Yakima,Unincorporated Yakima County,32426,31369,31653,32023,32587,32879,32066,32118,32235,32116,32521,32421,30019,30433,30621,30716,30182,29982,29790,29923,29927,29989,30057,30062,30148,30358,30582,30799,30920,30938,31026,31069,31326,31550
392,3,Yakima,Incorporated Yakima County,38426,40090,40702,41156,41606,42384,44008,44632,45263,46370,46653,47526,50618,50908,51228,51593,52872,53876,54839,55148,55547,55873,56175,56655,57026,57324,57815,58077,58407,58738,59478,60221,60878,61381
393,4,Yakima,Grandview,2420,2442,2451,2463,2477,2504,2539,2531,2555,2575,2581,2617,2680,2717,2763,2835,2902,3024,3098,3139,3136,3148,3172,3176,3237,3253,3243,3243,3251,3258,3275,3292,3316,3447
394,4,Yakima,Granger,595,596,597,596,597,599,598,600,606,606,609,622,654,683,705,724,732,754,785,789,813,811,807,809,851,878,938,937,937,935,946,967,987,1001
395,4,Yakima,Harrah,128,132,131,138,138,139,139,151,153,164,176,183,183,183,186,185,186,186,184,181,180,179,183,182,181,182,181,185,187,187,188,187,187,187
396,4,Yakima,Mabton,396,390,390,391,431,434,433,441,446,456,463,466,468,507,511,511,515,518,522,521,548,548,548,553,553,553,553,553,554,556,558,563,563,560
397,4,Yakima,Moxee,308,308,308,308,308,307,307,307,307,307,307,313,321,328,350,522,695,778,912,962,1032,1066,1092,1140,1158,1192,1240,1251,1256,1297,1360,1392,1507,1559
398,4,Yakima,Naches,280,280,290,280,280,280,279,279,279,279,279,302,300,306,307,312,310,320,343,346,346,349,350,350,354,363,371,376,375,386,393,405,413,414
399,4,Yakima,Selah,1930,1930,1938,1935,1973,2116,2152,2208,2261,2334,2408,2447,2464,2510,2556,2593,2626,2659,2713,2762,2759,2775,2799,2820,2826,2878,2884,2917,2996,3040,3072,3108,3194,3247
400,4,Yakima,Sunnyside,3576,3604,3671,3674,3788,3807,3805,3914,3955,4012,4070,4107,4191,4210,4257,4305,4390,4465,4496,4548,4556,4581,4601,4611,4608,4628,4696,4712,4761,4800,4845,4864,4901,4926
401,4,Yakima,Tieton,282,282,285,289,295,301,310,350,347,368,363,364,375,379,381,382,387,390,380,383,385,386,389,406,419,424,438,444,448,450,452,468,522,526
402,4,Yakima,Toppenish,2254,2272,2273,2303,2338,2366,2378,2407,2421,2433,2440,2433,2451,2424,2425,2408,2391,2404,2385,2351,2334,2339,2347,2354,2363,2372,2402,2422,2430,2440,2453,2463,2461,2475
403,4,Yakima,Union Gap,1347,1339,1341,1353,1377,1409,2148,2154,2172,2180,2210,2211,2226,2210,2204,2193,2175,2163,2164,2180,2173,2172,2185,2192,2201,2205,2224,2229,2236,2244,2275,2293,2318,2326
404,4,Yakima,Wapato,1204,1195,1195,1196,1202,1206,1227,1230,1236,1262,1267,1255,1254,1253,1251,1248,1245,1243,1246,1245,1293,1298,1300,1301,1303,1307,1309,1311,1313,1321,1322,1322,1326,1327
405,4,Yakima,Yakima,22977,24587,25093,25471,25616,26117,26885,27244,27702,28566,28643,29257,32103,32231,32351,32365,33288,33930,34546,34647,34887,35107,35282,35614,35827,35944,36188,36352,36518,36677,37192,37743,38028,38218
406,4,Yakima,Zillah,729,733,739,759,786,799,808,816,823,828,837,949,948,967,981,1010,1030,1042,1065,1094,1105,1114,1120,1147,1145,1145,1148,1145,1145,1147,1147,1154,1155,1168
407,1,State,State Total,2032337,2087567,2124723,2164290,2206592,2249362,2284345,2323254,2366447,2409796,2451081,2491082,2536185,2578932,2625397,2673540,2726735,2777443,2821122,2855513,2886948,2905263,2921545,2943764,2971415,3002005,3035021,3073095,3113502,3156810,3202239,3248655,3295313,3341640
408,2,State,Unincorporated State Total,928905,949807,968283,966807,983359,996742,940251,931433,932991,944423,949162,963997,977736,962008,983613,1005621,1024174,1040556,1044340,1053433,1047904,1036939,1028008,1030083,1036056,1042921,1045776,1055996,1064748,1075753,1085567,1097299,1106981,1116557
409,3,State,Incorporated State Total,1103432,1137760,1156440,1197483,1223233,1252620,1344094,1391821,1433456,1465373,1501919,1527085,1558449,1616924,1641784,1667919,1702561,1736887,1776782,1802080,1839044,1868324,1893537,1913681,1935359,1959084,1989245,2017099,2048754,2081057,2116672,2151356,2188332,2225083
